taxa_inventory_id,id,taxon_full_name,observer_id,x,y
37,66531,Sparattosyce dioica,30,165.308983,-21.4182167
37,66532,Pycnandra gordoniifolia,30,165.308983,-21.4182167
37,66533,Archidendropsis granulosa,30,165.308983,-21.4182167
37,66534,Hernandia cordigera,30,165.308983,-21.4182167
37,66535,Diospyros macrocarpa,30,165.308983,-21.4182167
37,83242,Pycnandra grandifolia,30,165.308983,-21.4182167
38,68055,Archidendropsis granulosa,30,164.3342355452,-20.5242043734
38,68056,Bischofia javanica,30,164.3342355452,-20.5242043734
38,68057,Semecarpus atra,30,164.3342355452,-20.5242043734
38,68058,Elaeocarpus angustifolius,30,164.3342355452,-20.5242043734
38,68059,Mammea neurophylla,30,164.3342355452,-20.5242043734
38,83279,Aleurites moluccana,30,164.3342355452,-20.5242043734
38,83280,Huberantha nitidissima,30,164.3342355452,-20.5242043734
38,83281,Aglaia elaeagnoidea,30,164.3342355452,-20.5242043734
39,68060,Archidendropsis granulosa,30,164.6930561028,-20.7816320658
39,68061,Elaeocarpus angustifolius,30,164.6930561028,-20.7816320658
39,68062,Agathis moorei,30,164.6930561028,-20.7816320658
39,68063,Olea paniculata,30,164.6930561028,-20.7816320658
39,68064,Plerandra gabriellae,30,164.6930561028,-20.7816320658
39,68065,Geissois racemosa,30,164.6930561028,-20.7816320658
39,68066,Ficus habrophylla,30,164.6930561028,-20.7816320658
39,68067,Ficus racemigera,30,164.6930561028,-20.7816320658
39,68068,Ficus prolixa,30,164.6930561028,-20.7816320658
39,68069,Arytera arcuata,30,164.6930561028,-20.7816320658
39,68070,Pisonia artensis,30,164.6930561028,-20.7816320658
39,68071,Plerandra leptophylla,30,164.6930561028,-20.7816320658
39,83390,Cupaniopsis sylvatica,30,164.6930561028,-20.7816320658
41,83243,Mimusops elengi,30,164.3039239012,-20.455416441
41,83244,Elattostachys apetala,30,164.3039239012,-20.455416441
41,83245,Olea paniculata,30,164.3039239012,-20.455416441
41,83246,Cupaniopsis mackeeana,30,164.3039239012,-20.455416441
41,83247,Tabernaemontana cerifera,30,164.3039239012,-20.455416441
41,83248,Planchonella linggensis,30,164.3039239012,-20.455416441
41,83249,Aglaia elaeagnoidea,30,164.3039239012,-20.455416441
41,83250,Guettarda balansaeana,30,164.3039239012,-20.455416441
41,83251,Elaeodendron curtipendulum,30,164.3039239012,-20.455416441
41,83252,Archidendropsis granulosa,30,164.3039239012,-20.455416441
41,83253,Crossostylis grandiflora,30,164.3039239012,-20.455416441
41,83254,Pleurostylia opposita,30,164.3039239012,-20.455416441
41,83255,Fagraea berteroana,30,164.3039239012,-20.455416441
41,83256,Garcinia puat (Montrouz.) Guillaumin var. puat,30,164.3039239012,-20.455416441
41,83257,Cerbera manghas L. var. manghas,30,164.3039239012,-20.455416441
41,83258,Euroschinus obtusifolius Engl. var. obtusifolius,30,164.3039239012,-20.455416441
42,83259,Huberantha nitidissima,30,164.303870257,-20.4508030415
42,83260,Ochrosia grandiflora,30,164.303870257,-20.4508030415
42,83261,Cryptocarya elliptica,30,164.303870257,-20.4508030415
42,83262,Plerandra gabriellae,30,164.303870257,-20.4508030415
42,83263,Semecarpus atra,30,164.303870257,-20.4508030415
42,83264,Bischofia javanica,30,164.303870257,-20.4508030415
42,83265,Ficus prolixa,30,164.303870257,-20.4508030415
42,83266,Drypetes deplanchei,30,164.303870257,-20.4508030415
42,83267,Pisonia artensis,30,164.303870257,-20.4508030415
42,83268,Mammea neurophylla,30,164.303870257,-20.4508030415
42,83269,Diospyros fasciculosa,30,164.303870257,-20.4508030415
42,83270,Aleurites moluccana,30,164.303870257,-20.4508030415
43,83271,Pycnandra sarlinii,30,165.1943824254,-21.133902669
43,83282,Dubouzetia elegans Brongn. & Gris var. elegans,30,165.1943824254,-21.133902669
44,83272,Gongrodiscus sufferrugineus,30,165.1925853454,-21.1158138514
44,83273,Plerandra gabriellae,30,165.1925853454,-21.1158138514
44,83274,Archidendropsis granulosa,30,165.1925853454,-21.1158138514
44,83275,Geissois racemosa,30,165.1925853454,-21.1158138514
45,83276,Pycnandra vieillardii,30,165.1921883784,-21.1260277033
45,83277,Agathis moorei,30,165.1921883784,-21.1260277033
47,83283,Pycnandra balansae,30,165.1493902132,-21.1501300335
47,83284,Archidendropsis fulgens,30,165.1493902132,-21.1501300335
47,83285,Plerandra gabriellae,30,165.1493902132,-21.1501300335
48,83286,Ilex sebertii,30,165.5812749825,-21.4841938019
48,83287,Plerandra gabriellae,30,165.5812749825,-21.4841938019
48,83288,Calophyllum caledonicum,30,165.5812749825,-21.4841938019
48,83289,Diospyros flavocarpa,30,165.5812749825,-21.4841938019
48,83290,Diospyros samoensis,30,165.5812749825,-21.4841938019
48,83291,Elaeocarpus yateensis,30,165.5812749825,-21.4841938019
48,83292,Baloghia bureavii,30,165.5812749825,-21.4841938019
48,83293,Archidendropsis granulosa,30,165.5812749825,-21.4841938019
48,83294,Cryptocarya macrodesme,30,165.5812749825,-21.4841938019
48,83295,Syzygium macranthum,30,165.5812749825,-21.4841938019
48,83296,Syzygium baladense,30,165.5812749825,-21.4841938019
48,83297,Myrsine asymmetrica (Mez) Ricketson & Pipoly subsp. asymmetrica,30,165.5812749825,-21.4841938019
48,83298,Gardenia aubryi,30,165.5812749825,-21.4841938019
48,83299,Pycnandra balansae,30,165.5812749825,-21.4841938019
48,83300,Gastrolepis austrocaledonica,30,165.5812749825,-21.4841938019
49,83301,Plerandra veilloniorum,30,164.6839196607,-20.4858970642
49,83302,Plerandra gabriellae,30,164.6839196607,-20.4858970642
49,83303,Agathis moorei,30,164.6839196607,-20.4858970642
49,83304,Garcinia neglecta,30,164.6839196607,-20.4858970642
49,83305,Weinmannia serrata,30,164.6839196607,-20.4858970642
49,83306,Diospyros oubatchensis,30,164.6839196607,-20.4858970642
49,83307,Elaeocarpus bullatus,30,164.6839196607,-20.4858970642
49,83308,Sloanea montana,30,164.6839196607,-20.4858970642
50,83309,Huberantha nitidissima,30,164.6732501686,-20.4727220535
50,83310,Tabernaemontana cerifera,30,164.6732501686,-20.4727220535
50,83311,Plerandra gabriellae,30,164.6732501686,-20.4727220535
50,83312,Calophyllum caledonicum,30,164.6732501686,-20.4727220535
50,83313,Geissois montana,30,164.6732501686,-20.4727220535
50,83314,Garcinia pedicellata,30,164.6732501686,-20.4727220535
50,83315,Macaranga corymbosa,30,164.6732501686,-20.4727220535
50,83316,Archidendropsis granulosa,30,164.6732501686,-20.4727220535
50,83317,Cryptocarya elliptica,30,164.6732501686,-20.4727220535
50,83318,Neuburgia novocaledonica,30,164.6732501686,-20.4727220535
50,83319,Dysoxylum bijugum,30,164.6732501686,-20.4727220535
50,83320,Metrosideros laurifolia Brongn. & Gris var. laurifolia,30,164.6732501686,-20.4727220535
51,83321,Melaleuca quinquenervia,30,164.6820689365,-20.4725503922
51,83322,Ficus habrophylla,30,164.6820689365,-20.4725503922
51,83323,Ficus austrocaledonica,30,164.6820689365,-20.4725503922
51,83324,Barringtonia neocaledonica,30,164.6820689365,-20.4725503922
51,83325,Barringtonia integrifolia,30,164.6820689365,-20.4725503922
51,83326,Cryptocarya elliptica,30,164.6820689365,-20.4725503922
51,83327,Cryptocarya aristata,30,164.6820689365,-20.4725503922
51,83328,Fagraea berteroana,30,164.6820689365,-20.4725503922
51,83329,Archidendropsis granulosa,30,164.6820689365,-20.4725503922
51,83330,Archidendropsis fournieri (Vieill.) I.C.Nielsen var. fournieri,30,164.6820689365,-20.4725503922
51,83331,Macaranga corymbosa,30,164.6820689365,-20.4725503922
51,83332,Garcinia amplexicaulis,30,164.6820689365,-20.4725503922
51,83333,Garcinia pedicellata,30,164.6820689365,-20.4725503922
51,83334,Gymnostoma webbianum,30,164.6820689365,-20.4725503922
51,83335,Calophyllum caledonicum,30,164.6820689365,-20.4725503922
51,83336,Plerandra gabriellae,30,164.6820689365,-20.4725503922
51,83337,Huberantha nitidissima,30,164.6820689365,-20.4725503922
52,83338,Storthocalyx sordidus,30,165.2401186153,-20.9569787979
52,83339,Plerandra gabriellae,30,165.2401186153,-20.9569787979
52,83340,Syzygium macranthum,30,165.2401186153,-20.9569787979
54,83341,Aleurites moluccana,30,165.2253243886,-21.4760345221
54,83342,Mammea neurophylla,30,165.2253243886,-21.4760345221
54,83343,Casuarina collina,30,165.2253243886,-21.4760345221
54,83344,Semecarpus atra,30,165.2253243886,-21.4760345221
54,83345,Ficus habrophylla,30,165.2253243886,-21.4760345221
54,83359,Syzygium pennelii,30,165.2253243886,-21.4760345221
55,83346,Albizia guillainii,30,165.2266118489,-21.4765495062
55,83347,Arytera chartacea,30,165.2266118489,-21.4765495062
55,83348,Diospyros fasciculosa,30,165.2266118489,-21.4765495062
55,83349,Diospyros pustulata,30,165.2266118489,-21.4765495062
55,83350,Homalium deplanchei,30,165.2266118489,-21.4765495062
55,83351,Pisonia artensis,30,165.2266118489,-21.4765495062
56,83352,Mammea neurophylla,30,165.2344913408,-21.4814043045
56,83353,Syzygium aggregatum,30,165.2344913408,-21.4814043045
56,83354,Aleurites moluccana,30,165.2344913408,-21.4814043045
56,83355,Oxera sulfurea,30,165.2344913408,-21.4814043045
56,83356,Acacia spirorbis,30,165.2344913408,-21.4814043045
56,83357,Pisonia artensis,30,165.2344913408,-21.4814043045
56,83358,Diospyros fasciculosa,30,165.2344913408,-21.4814043045
57,83360,Croton insularis,4,164.9052823707,-21.0000014305
57,83361,Diospyros fasciculosa,4,164.9052823707,-21.0000014305
57,83362,Arthroclianthus,4,164.9052823707,-21.0000014305
57,83363,Claoxylon insulanum,4,164.9052823707,-21.0000014305
57,83364,Acronychia laevis,4,164.9052823707,-21.0000014305
57,83365,Eugenia brongniartiana,4,164.9052823707,-21.0000014305
57,83366,Eugenia gacognei,4,164.9052823707,-21.0000014305
57,83367,Barringtonia neocaledonica,4,164.9052823707,-21.0000014305
57,83368,Arytera chartacea,4,164.9052823707,-21.0000014305
57,83369,Ficus habrophylla,4,164.9052823707,-21.0000014305
58,83370,Pandanus,4,164.9917066656,-21.2246900797
58,83371,Barringtonia neocaledonica,4,164.9917066656,-21.2246900797
58,83372,Syzygium macranthum,4,164.9917066656,-21.2246900797
58,83373,Dysoxylum rufescens Vieill. ex Pancher & Sebert subsp. rufescens,4,164.9917066656,-21.2246900797
58,83374,Hypserpa,4,164.9917066656,-21.2246900797
58,83375,Plerandra pouemboutensis,4,164.9917066656,-21.2246900797
58,83376,Metrosideros,4,164.9917066656,-21.2246900797
58,83377,Calophyllum caledonicum,4,164.9917066656,-21.2246900797
58,83378,Garcinia neglecta,4,164.9917066656,-21.2246900797
58,83379,Syzygium longifolium,4,164.9917066656,-21.2246900797
59,83380,Acropogon jaffrei,4,165.0613654777,-21.2883388996
59,83381,Araucaria columnaris,4,165.0613654777,-21.2883388996
59,83382,Calophyllum caledonicum,4,165.0613654777,-21.2883388996
59,83383,Alphandia furfuracea,4,165.0613654777,-21.2883388996
59,83384,Garcinia neglecta,4,165.0613654777,-21.2883388996
59,83385,Dacrycarpus vieillardii,4,165.0613654777,-21.2883388996
59,83386,Cupaniopsis fruticosa,4,165.0613654777,-21.2883388996
59,83387,Pichonia daenikeri,4,165.0613654777,-21.2883388996
59,83388,Pycnandra gordoniifolia,4,165.0613654777,-21.2883388996
61,88882,Deplanchea speciosa,30,164.4802648947,-20.7897055149
61,88883,Storthocalyx leioneurus,30,164.4802648947,-20.7897055149
61,88884,Oxera baladica,30,164.4802648947,-20.7897055149
61,88885,Terminalia gatopensis,30,164.4802648947,-20.7897055149
62,88886,Podonephelium cristagalli,4,164.9048800394,-20.9988319874
62,88887,Barringtonia neocaledonica,4,164.9048800394,-20.9988319874
62,88888,Mimusops elengi,4,164.9048800394,-20.9988319874
62,88889,Diospyros fasciculosa,4,164.9048800394,-20.9988319874
62,88890,Diospyros samoensis,4,164.9048800394,-20.9988319874
62,88891,Dysoxylum bijugum,4,164.9048800394,-20.9988319874
62,88892,Aleurites moluccana,4,164.9048800394,-20.9988319874
62,88893,Meryta balansae,4,164.9048800394,-20.9988319874
62,88894,Arthroclianthus,4,164.9048800394,-20.9988319874
62,88895,Eugenia brongniartiana,4,164.9048800394,-20.9988319874
62,88896,Celtis conferta,4,164.9048800394,-20.9988319874
62,88897,Dendrocnide peltata,4,164.9048800394,-20.9988319874
62,88898,Storckiella pancheri,4,164.9048800394,-20.9988319874
62,88899,Archidendropsis granulosa,4,164.9048800394,-20.9988319874
62,88900,Huberantha nitidissima,4,164.9048800394,-20.9988319874
62,88901,Polyscias bracteata (R.Vig.) Lowry subsp. bracteata,4,164.9048800394,-20.9988319874
62,88902,Semecarpus atra,4,164.9048800394,-20.9988319874
62,88903,Bischofia javanica,4,164.9048800394,-20.9988319874
62,88904,Tetracera billardierei,4,164.9048800394,-20.9988319874
62,88905,Oxera robusta,4,164.9048800394,-20.9988319874
62,88906,Arytera arcuata,4,164.9048800394,-20.9988319874
62,88907,Guioa villosa,4,164.9048800394,-20.9988319874
63,88908,Meiogyne baillonii,4,165.523417,-21.172646
63,88909,Gardenia aubryi,4,165.523417,-21.172646
63,88910,Alstonia lenormandii,4,165.523417,-21.172646
63,88911,Alstonia costata,4,165.523417,-21.172646
63,88912,Alphitonia neocaledonica,4,165.523417,-21.172646
63,88913,Cryptocarya macrodesme,4,165.523417,-21.172646
63,88914,Duboisia myoporoides,4,165.523417,-21.172646
63,88915,Archidendropsis streptocarpa,4,165.523417,-21.172646
63,88916,Macaranga alchorneoides,4,165.523417,-21.172646
63,88917,Sparattosyce dioica,4,165.523417,-21.172646
63,88918,Plerandra gabriellae,4,165.523417,-21.172646
63,88919,Geissois magnifica,4,165.523417,-21.172646
63,88920,Hernandia cordigera,4,165.523417,-21.172646
63,88921,Crossostylis grandiflora,4,165.523417,-21.172646
63,88922,Garcinia puat,4,165.523417,-21.172646
63,88923,Garcinia neglecta,4,165.523417,-21.172646
63,88924,Cleidion vieillardii,4,165.523417,-21.172646
63,88925,Myodocarpus vieillardii,4,165.523417,-21.172646
63,88926,Cupaniopsis fruticosa,4,165.523417,-21.172646
63,88927,Ficus austrocaledonica,4,165.523417,-21.172646
63,88928,Basselinia gracilis,4,165.523417,-21.172646
63,88929,Cleistanthus stipitatus,4,165.523417,-21.172646
64,88930,Geissois trifoliolata,4,164.9238700792,-20.948985815
64,88931,Dysoxylum rufescens Vieill. ex Pancher & Sebert subsp. rufescens,4,164.9238700792,-20.948985815
64,88932,Quintinia,4,164.9238700792,-20.948985815
64,88933,Guioa microsepala,4,164.9238700792,-20.948985815
64,88934,Ficus austrocaledonica,4,164.9238700792,-20.948985815
64,88935,Cryptocarya velutinosa,4,164.9238700792,-20.948985815
64,88936,Hibbertia lucens,4,164.9238700792,-20.948985815
64,88937,Tapeinosperma pancheri,4,164.9238700792,-20.948985815
64,88938,Acropogon schumannianus,4,164.9238700792,-20.948985815
64,88939,Freycinetia arborea,4,164.9238700792,-20.948985815
64,88940,Rauvolfia balansae,4,164.9238700792,-20.948985815
64,88941,Meryta balansae,4,164.9238700792,-20.948985815
64,88942,Myrsine asymmetrica,4,164.9238700792,-20.948985815
64,88943,Austrotaxus spicata,4,164.9238700792,-20.948985815
64,88944,Polyscias bracteata,4,164.9238700792,-20.948985815
65,88945,Araucaria columnaris,30,165.5585865321,-21.4919389486
65,88946,Geissois racemosa,30,165.5585865321,-21.4919389486
65,88947,Ficus habrophylla,30,165.5585865321,-21.4919389486
65,88948,Ficus obliqua,30,165.5585865321,-21.4919389486
65,88949,Elaeocarpus angustifolius,30,165.5585865321,-21.4919389486
65,88950,Elattostachys apetala,30,165.5585865321,-21.4919389486
65,88952,Acacia spirorbis,30,165.5585865321,-21.4919389486
65,88953,Balanops pachyphylla,30,165.5585865321,-21.4919389486
65,88954,Semecarpus atra,30,165.5585865321,-21.4919389486
66,88955,Acacia spirorbis,4,165.976438467,-21.473557251
66,88956,Tristaniopsis guillainii,4,165.976438467,-21.473557251
66,88957,Cloezia artensis,4,165.976438467,-21.473557251
66,88958,Homalium austrocaledonicum,4,165.976438467,-21.473557251
66,88959,Grevillea exul Lindl. subsp. exul,4,165.976438467,-21.473557251
66,88960,Stenocarpus milnei,4,165.976438467,-21.473557251
66,88961,Alphitonia neocaledonica,4,165.976438467,-21.473557251
66,88962,Gymnostoma deplancheanum,4,165.976438467,-21.473557251
67,88963,Homalium austrocaledonicum,4,165.990260895,-21.478747828
67,88964,Storthocalyx chryseus,4,165.990260895,-21.478747828
67,88965,Cupaniopsis fruticosa,4,165.990260895,-21.478747828
67,88966,Soulamea tomentosa,4,165.990260895,-21.478747828
67,88967,Rauvolfia semperflorens,4,165.990260895,-21.478747828
67,88968,Gymnostoma deplancheanum,4,165.990260895,-21.478747828
67,88969,Deplanchea speciosa,4,165.990260895,-21.478747828
67,88970,Pichonia balansae,4,165.990260895,-21.478747828
67,88971,Codia discolor,4,165.990260895,-21.478747828
67,88972,Neisosperma miana,4,165.990260895,-21.478747828
67,88973,Syzygium densiflorum,4,165.990260895,-21.478747828
67,88974,Acacia spirorbis,4,165.990260895,-21.478747828
67,88975,Alphitonia neocaledonica,4,165.990260895,-21.478747828
67,88976,Polyscias bracteata subsp. subincisa,4,165.990260895,-21.478747828
68,88977,Diospyros fasciculosa,4,164.9102738779,-21.0373029113
68,88978,Mimusops elengi,4,164.9102738779,-21.0373029113
68,88979,Dysoxylum bijugum,4,164.9102738779,-21.0373029113
68,88980,Croton insularis,4,164.9102738779,-21.0373029113
68,88981,Cupaniopsis globosa,4,164.9102738779,-21.0373029113
68,88982,Premna serratifolia,4,164.9102738779,-21.0373029113
68,88983,Capparis,4,164.9102738779,-21.0373029113
68,88984,Ficus prolixa,4,164.9102738779,-21.0373029113
69,88985,Elaeocarpus angustifolius,4,165.2077586018,-21.2607067823
69,88986,Diospyros fasciculosa,4,165.2077586018,-21.2607067823
69,88987,Aleurites moluccana,4,165.2077586018,-21.2607067823
69,88988,Geissois racemosa,4,165.2077586018,-21.2607067823
69,88989,Archidendropsis granulosa,4,165.2077586018,-21.2607067823
69,88990,Dysoxylum roseum,4,165.2077586018,-21.2607067823
69,88991,Euroschinus obtusifolius Engl. var. obtusifolius,4,165.2077586018,-21.2607067823
69,88992,Elattostachys apetala,4,165.2077586018,-21.2607067823
69,88993,Garcinia puat,4,165.2077586018,-21.2607067823
69,88994,Acronychia laevis,4,165.2077586018,-21.2607067823
69,88995,Polyscias bracteata (R.Vig.) Lowry subsp. bracteata,4,165.2077586018,-21.2607067823
69,88996,Semecarpus atra,4,165.2077586018,-21.2607067823
69,88997,Ficus habrophylla,4,165.2077586018,-21.2607067823
69,88998,Olea paniculata,4,165.2077586018,-21.2607067823
69,88999,Eugenia brongniartiana,4,165.2077586018,-21.2607067823
69,89000,Codiaeum peltatum,4,165.2077586018,-21.2607067823
69,89001,Plerandra pouemboutensis,4,165.2077586018,-21.2607067823
69,89002,Plerandra gabriellae,4,165.2077586018,-21.2607067823
69,89003,Ficus virgata,4,165.2077586018,-21.2607067823
69,89004,Fagraea berteroana,4,165.2077586018,-21.2607067823
69,89005,Meryta balansae,4,165.2077586018,-21.2607067823
70,89006,Trema cannabina,4,165.2041107975,-21.2694239616
70,89007,Acacia spirorbis,4,165.2041107975,-21.2694239616
70,89008,Semecarpus atra,4,165.2041107975,-21.2694239616
70,89009,Diospyros fasciculosa,4,165.2041107975,-21.2694239616
70,89010,Elattostachys apetala,4,165.2041107975,-21.2694239616
70,89011,Albizia saman,4,165.2041107975,-21.2694239616
70,89012,Commersonia bartramia,4,165.2041107975,-21.2694239616
71,89013,Semecarpus atra,4,165.2047987422,-21.2754803896
71,89014,Archidendropsis granulosa,4,165.2047987422,-21.2754803896
71,89015,Storckiella pancheri,4,165.2047987422,-21.2754803896
71,89016,Aleurites moluccana,4,165.2047987422,-21.2754803896
71,89017,Elattostachys apetala,4,165.2047987422,-21.2754803896
71,89018,Symplocos montana var. tortuosa,4,165.2047987422,-21.2754803896
71,89019,Olea paniculata,4,165.2047987422,-21.2754803896
71,89020,Polyscias bracteata (R.Vig.) Lowry subsp. bracteata,4,165.2047987422,-21.2754803896
71,89021,Codiaeum peltatum,4,165.2047987422,-21.2754803896
71,89022,Diospyros fasciculosa,4,165.2047987422,-21.2754803896
71,89023,Cupaniopsis sylvatica,4,165.2047987422,-21.2754803896
72,89024,Semecarpus poyaensis,4,165.239264,-21.357613
72,89025,Xylopia pancheri,4,165.239264,-21.357613
72,89026,Cupaniopsis fruticosa,4,165.239264,-21.357613
72,89027,Archidendropsis paivana,4,165.239264,-21.357613
72,89028,Erythroxylum novocaledonicum,4,165.239264,-21.357613
72,89029,Cerberiopsis candelabra Vieill. var. candelabra,4,165.239264,-21.357613
72,89030,Codia nitida,4,165.239264,-21.357613
72,89031,Maxwellia lepidota,4,165.239264,-21.357613
72,89032,Acridocarpus austrocaledonicus,4,165.239264,-21.357613
72,89033,Garcinia neglecta,4,165.239264,-21.357613
72,89034,Acacia spirorbis,4,165.239264,-21.357613
72,89035,Beauprea,4,165.239264,-21.357613
72,89036,Storckiella pancheri,4,165.239264,-21.357613
72,89037,Homalium deplanchei,4,165.239264,-21.357613
72,89038,Terminalia gatopensis,4,165.239264,-21.357613
72,89039,Styphelia cymbulae,4,165.239264,-21.357613
72,89040,Psydrax,4,165.239264,-21.357613
72,89041,Hunga mackeeana,4,165.239264,-21.357613
72,89042,Pycnandra filipes,4,165.239264,-21.357613
72,89043,Pleioluma crebrifolia,4,165.239264,-21.357613
72,89044,Pycnandra kaalaensis,4,165.239264,-21.357613
73,89045,Calophyllum caledonicum,4,165.240654,-21.357905
73,89046,Tabernaemontana cerifera,4,165.240654,-21.357905
73,89047,Aleurites moluccana,4,165.240654,-21.357905
73,89048,Geissois pruinosa,4,165.240654,-21.357905
73,89049,Gymnostoma chamaecyparis,4,165.240654,-21.357905
73,89050,Semecarpus poyaensis,4,165.240654,-21.357905
73,89051,Cleidion vieillardii,4,165.240654,-21.357905
73,89052,Archidendropsis paivana,4,165.240654,-21.357905
73,89053,Dysoxylum rufescens Vieill. ex Pancher & Sebert subsp. rufescens,4,165.240654,-21.357905
73,89054,Maxwellia lepidota,4,165.240654,-21.357905
73,89055,Storthocalyx chryseus,4,165.240654,-21.357905
73,89056,Cryptocarya odorata,4,165.240654,-21.357905
74,89057,Semecarpus atra,4,165.1849759184,-21.3396817446
74,89058,Barringtonia neocaledonica,4,165.1849759184,-21.3396817446
74,89059,Diospyros fasciculosa,4,165.1849759184,-21.3396817446
74,89060,Garcinia neglecta,4,165.1849759184,-21.3396817446
74,89061,Solanum mauritianum,4,165.1849759184,-21.3396817446
74,89062,Cupaniopsis trigonocarpa,4,165.1849759184,-21.3396817446
75,89063,Pycnandra vieillardii,4,165.197125,-20.875905
75,89064,Xylopia vieillardii,4,165.197125,-20.875905
75,89065,Pycnandra balansae,4,165.197125,-20.875905
75,89066,Myodocarpus pinnatus,4,165.197125,-20.875905
75,89067,Cryptocarya elliptica,4,165.197125,-20.875905
75,89068,Semecarpus atra,4,165.197125,-20.875905
75,89069,Comptonella drupacea,4,165.197125,-20.875905
75,89070,Neuburgia novocaledonica,4,165.197125,-20.875905
75,89071,Crossostylis grandiflora,4,165.197125,-20.875905
75,89072,Cerberiopsis candelabra Vieill. var. candelabra,4,165.197125,-20.875905
75,89073,Dicarpellum baillonianum,4,165.197125,-20.875905
75,89074,Myrsine citrifolia,4,165.197125,-20.875905
75,89075,Eugenia mouensis,4,165.197125,-20.875905
75,89076,Hedycarya cupulata,4,165.197125,-20.875905
75,89077,Storthocalyx corymbosus,4,165.197125,-20.875905
75,89078,Antirhea wagapensis,4,165.197125,-20.875905
75,89079,Burretiokentia vieillardii,4,165.197125,-20.875905
75,89080,Basselinia gracilis,4,165.197125,-20.875905
75,89081,Syzygium wagapense,4,165.197125,-20.875905
75,89082,Casuarina collina,4,165.197125,-20.875905
75,89083,Acropogon schumannianus,4,165.197125,-20.875905
75,89084,Ficus habrophylla,4,165.197125,-20.875905
75,89085,Diospyros macrocarpa,4,165.197125,-20.875905
75,89086,Syzygium toninense,4,165.197125,-20.875905
75,89087,Piliocalyx bullatus,4,165.197125,-20.875905
75,89088,Schefflera candelabrum,4,165.197125,-20.875905
76,89089,Pancheria gatopensis,4,165.199697,-20.874919
76,89090,Deplanchea sessilifolia,4,165.199697,-20.874919
76,89091,Gymnostoma chamaecyparis,4,165.199697,-20.874919
76,89092,Austrobuxus carunculatus,4,165.199697,-20.874919
76,89093,Geissois hirsuta,4,165.199697,-20.874919
76,89094,Cloezia artensis,4,165.199697,-20.874919
76,89095,Cerberiopsis candelabra Vieill. var. candelabra,4,165.199697,-20.874919
76,89096,Casuarina collina,4,165.199697,-20.874919
76,89097,Hibbertia lucens,4,165.199697,-20.874919
76,89098,Alphitonia neocaledonica,4,165.199697,-20.874919
76,89099,Ficus austrocaledonica,4,165.199697,-20.874919
77,89100,Crossostylis grandiflora,4,165.349013,-20.946956
77,89101,Huberantha nitidissima,4,165.349013,-20.946956
77,89102,Codiaeum peltatum,4,165.349013,-20.946956
77,89103,Ficus virgata,4,165.349013,-20.946956
77,89104,Cleistanthus stipitatus,4,165.349013,-20.946956
77,89105,Hugonia jenkinsii,4,165.349013,-20.946956
77,89106,Piliocalyx wagapensis,4,165.349013,-20.946956
77,89107,Garcinia puat,4,165.349013,-20.946956
77,89108,Barringtonia integrifolia,4,165.349013,-20.946956
77,89109,Macaranga corymbosa,4,165.349013,-20.946956
77,89110,Phyllanthus billardierei,4,165.349013,-20.946956
77,89111,Hernandia cordigera,4,165.349013,-20.946956
77,89112,Cerbera manghas,4,165.349013,-20.946956
77,89113,Plerandra gabriellae,4,165.349013,-20.946956
77,89114,Aleurites moluccana,4,165.349013,-20.946956
77,89115,Geissois racemosa,4,165.349013,-20.946956
77,89116,Antirhea baladensis,4,165.349013,-20.946956
77,89117,Polyscias bracteata (R.Vig.) Lowry subsp. bracteata,4,165.349013,-20.946956
77,89118,Diospyros samoensis,4,165.349013,-20.946956
77,89119,Elattostachys apetala,4,165.349013,-20.946956
77,89120,Alstonia costata,4,165.349013,-20.946956
77,89121,Hedycarya cupulata,4,165.349013,-20.946956
77,89122,Claoxylon insulanum,4,165.349013,-20.946956
78,89123,Pycnandra poindimiensis,4,165.3527,-20.94486
78,89124,Storckiella pancheri,4,165.3527,-20.94486
78,89125,Crossostylis grandiflora,4,165.3527,-20.94486
78,89126,Semecarpus atra,4,165.3527,-20.94486
78,89127,Diospyros parviflora,4,165.3527,-20.94486
78,89128,Austrobuxus carunculatus,4,165.3527,-20.94486
78,89129,Garcinia puat,4,165.3527,-20.94486
78,89130,Comptonella drupacea,4,165.3527,-20.94486
78,89131,Basselinia gracilis,4,165.3527,-20.94486
78,89132,Archidendropsis paivana subsp. balansae,4,165.3527,-20.94486
78,89133,Hedycarya cupulata,4,165.3527,-20.94486
78,89134,Delarbrea harmsii,4,165.3527,-20.94486
78,89135,Ficus virgata,4,165.3527,-20.94486
78,89136,Alstonia costata,4,165.3527,-20.94486
78,89137,Commersonia bartramia,4,165.3527,-20.94486
78,89138,Freycinetia arborea,4,165.3527,-20.94486
78,89139,Ficus habrophylla,4,165.3527,-20.94486
78,89140,Fagraea berteroana,4,165.3527,-20.94486
78,89141,Symplocos arborea,4,165.3527,-20.94486
78,89142,Phyllanthus billardierei,4,165.3527,-20.94486
78,89143,Cerbera manghas,4,165.3527,-20.94486
78,89144,Elaeocarpus angustifolius,4,165.3527,-20.94486
78,89145,Cleistanthus stipitatus,4,165.3527,-20.94486
79,89146,Elattostachys apetala,4,165.3601983469,-21.329677105
79,89147,Plerandra gabriellae,4,165.3601983469,-21.329677105
79,89148,Olea paniculata,4,165.3601983469,-21.329677105
79,89149,Ficus obliqua,4,165.3601983469,-21.329677105
79,89150,Storckiella pancheri,4,165.3601983469,-21.329677105
79,89151,Ficus habrophylla,4,165.3601983469,-21.329677105
79,89152,Pandanus,4,165.3601983469,-21.329677105
79,89153,Agatea rufotomentosa,4,165.3601983469,-21.329677105
79,89154,Semecarpus atra,4,165.3601983469,-21.329677105
79,89155,Cupaniopsis petiolulata,4,165.3601983469,-21.329677105
79,89156,Casuarina collina,4,165.3601983469,-21.329677105
79,89157,Cryptocarya elliptica,4,165.3601983469,-21.329677105
79,89158,Garcinia puat,4,165.3601983469,-21.329677105
79,89159,Diospyros fasciculosa,4,165.3601983469,-21.329677105
80,89160,Tapeinosperma wagapense,4,165.374775,-21.332625
80,89161,Hedycarya engleriana,4,165.374775,-21.332625
80,89162,Tabernaemontana cerifera,4,165.374775,-21.332625
80,89163,Fagraea berteroana,4,165.374775,-21.332625
80,89164,Crossostylis grandiflora,4,165.374775,-21.332625
80,89165,Garcinia puat,4,165.374775,-21.332625
80,89166,Chambeyronia macrocarpa,4,165.374775,-21.332625
80,89167,Dicksonia thyrsopteroides,4,165.374775,-21.332625
80,89168,Meryta balansae,4,165.374775,-21.332625
80,89169,Melaleuca quinquenervia,4,165.374775,-21.332625
80,89170,Plerandra gabriellae,4,165.374775,-21.332625
80,89171,Geissois racemosa,4,165.374775,-21.332625
80,89172,Diospyros macrocarpa,4,165.374775,-21.332625
80,89173,Cupaniopsis sylvatica,4,165.374775,-21.332625
80,89174,Spiraeanthemum densiflorum,4,165.374775,-21.332625
80,89175,Guioa villosa,4,165.374775,-21.332625
80,89176,Bischofia javanica,4,165.374775,-21.332625
80,89177,Ficus racemigera,4,165.374775,-21.332625
80,89178,Ficus habrophylla,4,165.374775,-21.332625
80,89179,Phyllanthus billardierei,4,165.374775,-21.332625
80,89180,Syzygium lateriflorum,4,165.374775,-21.332625
80,89181,Acronychia laevis,4,165.374775,-21.332625
80,89182,Guioa ovalis,4,165.374775,-21.332625
80,89183,Oxera robusta,4,165.374775,-21.332625
80,89184,Semecarpus atra,4,165.374775,-21.332625
81,89185,Cerbera manghas,21,165.095687,-21.352837
81,89186,Codiaeum peltatum,21,165.095687,-21.352837
81,89187,Ficus prolixa,21,165.095687,-21.352837
81,89188,Gardenia urvillei,21,165.095687,-21.352837
81,89189,Mimusops elengi,21,165.095687,-21.352837
81,89190,Semecarpus atra,21,165.095687,-21.352837
81,89191,Phyllanthus billardierei,21,165.095687,-21.352837
81,89192,Premna serratifolia,21,165.095687,-21.352837
81,89204,Arytera collina,21,165.095687,-21.352837
81,89205,Cleistanthus stipitatus,21,165.095687,-21.352837
81,89206,Dysoxylum bijugum,21,165.095687,-21.352837
81,89207,Homalium deplanchei,21,165.095687,-21.352837
81,89208,Denhamia fournieri (Pancher & Sebert) M.P.Simmons subsp. fournieri,21,165.095687,-21.352837
81,89209,Pisonia artensis,21,165.095687,-21.352837
81,89210,Streblus pendulinus,21,165.095687,-21.352837
82,89193,Arytera arcuata,21,165.056937,-21.353373
82,89194,Arytera collina,21,165.056937,-21.353373
82,89195,Codiaeum peltatum,21,165.056937,-21.353373
82,89196,Cupaniopsis trigonocarpa,21,165.056937,-21.353373
82,89197,Gardenia urvillei,21,165.056937,-21.353373
82,89198,Mammea neurophylla,21,165.056937,-21.353373
82,89199,Pisonia artensis,21,165.056937,-21.353373
82,89200,Semecarpus atra,21,165.056937,-21.353373
83,89201,Guioa gracilis,21,165.065026,-21.366179
83,89202,Premna serratifolia,21,165.065026,-21.366179
83,89203,Psydrax odorata,21,165.065026,-21.366179
84,89211,Celtis,21,165.089928,-21.369797
84,89212,Diospyros fasciculosa,21,165.089928,-21.369797
84,89213,Phyllanthus billardierei,21,165.089928,-21.369797
84,89214,Guioa gracilis,21,165.089928,-21.369797
84,89215,Dallachya vitiensis,21,165.089928,-21.369797
85,89216,Acronychia laevis,21,165.061506,-21.315749
85,89217,Alstonia balansae,21,165.061506,-21.315749
85,89218,Arytera arcuata,21,165.061506,-21.315749
85,89219,Casuarina collina,21,165.061506,-21.315749
85,89220,Diospyros minimifolia,21,165.061506,-21.315749
85,89221,Gardenia urvillei,21,165.061506,-21.315749
85,89222,Phyllanthus billardierei,21,165.061506,-21.315749
85,89223,Melaleuca quinquenervia,21,165.061506,-21.315749
85,89224,Huberantha nitidissima,21,165.061506,-21.315749
85,89225,Dallachya vitiensis,21,165.061506,-21.315749
85,89226,Semecarpus atra,21,165.061506,-21.315749
86,89227,Alphitonia neocaledonica,21,165.006885,-21.297049
86,89228,Alstonia balansae,21,165.006885,-21.297049
86,89229,Austrobuxus carunculatus,21,165.006885,-21.297049
86,89230,Casearia silvana,21,165.006885,-21.297049
86,89231,Cloezia artensis,21,165.006885,-21.297049
86,89232,Erythroxylum novocaledonicum,21,165.006885,-21.297049
86,89233,Eugenia gacognei,21,165.006885,-21.297049
86,89234,Gardenia urvillei,21,165.006885,-21.297049
86,89235,Guioa gracilis,21,165.006885,-21.297049
86,89236,Halfordia kendack,21,165.006885,-21.297049
86,89237,Homalium deplanchei,21,165.006885,-21.297049
86,89238,Denhamia fournieri (Pancher & Sebert) M.P.Simmons subsp. fournieri,21,165.006885,-21.297049
86,89239,Osmanthus austrocaledonicus,21,165.006885,-21.297049
86,89240,Tabernaemontana cerifera,21,165.006885,-21.297049
86,89241,Premna serratifolia,21,165.006885,-21.297049
86,89242,Psydrax odorata,21,165.006885,-21.297049
86,89243,Rauvolfia semperflorens,21,165.006885,-21.297049
86,89244,Styphelia cymbulae,21,165.006885,-21.297049
87,89245,Alstonia balansae,21,165.01393,-21.301951
87,89246,Arthroclianthus,21,165.01393,-21.301951
87,89247,Arytera arcuata,21,165.01393,-21.301951
87,89248,Casearia silvana,21,165.01393,-21.301951
87,89249,Casuarina collina,21,165.01393,-21.301951
87,89250,Cerbera manghas,21,165.01393,-21.301951
87,89251,Cleistanthus stipitatus,21,165.01393,-21.301951
87,89252,Codiaeum peltatum,21,165.01393,-21.301951
87,89253,Cupaniopsis trigonocarpa,21,165.01393,-21.301951
87,89254,Cynometra ramiflora,21,165.01393,-21.301951
87,89255,Diospyros fasciculosa,21,165.01393,-21.301951
87,89256,Diospyros minimifolia,21,165.01393,-21.301951
87,89257,Diospyros samoensis,21,165.01393,-21.301951
87,89258,Dysoxylum bijugum,21,165.01393,-21.301951
87,89259,Eugenia gacognei,21,165.01393,-21.301951
87,89260,Fontainea pancheri,21,165.01393,-21.301951
87,89261,Gardenia urvillei,21,165.01393,-21.301951
87,89262,Phyllanthus billardierei,21,165.01393,-21.301951
87,89263,Guioa gracilis,21,165.01393,-21.301951
87,89264,Micromelum minutum,21,165.01393,-21.301951
87,89265,Mimusops elengi,21,165.01393,-21.301951
87,89266,Pleurostylia opposita,21,165.01393,-21.301951
87,89267,Podonephelium davidsonii,21,165.01393,-21.301951
87,89268,Premna serratifolia,21,165.01393,-21.301951
87,89269,Psydrax odorata,21,165.01393,-21.301951
87,89270,Dallachya vitiensis,21,165.01393,-21.301951
88,89271,Acacia simplex,21,164.942395,-21.286071
88,89272,Acacia spirorbis,21,164.942395,-21.286071
88,89273,Alstonia balansae,21,164.942395,-21.286071
88,89274,Arytera arcuata,21,164.942395,-21.286071
88,89275,Arytera collina,21,164.942395,-21.286071
88,89276,Casearia silvana,21,164.942395,-21.286071
88,89277,Casuarina collina,21,164.942395,-21.286071
88,89278,Celtis conferta,21,164.942395,-21.286071
88,89279,Cerbera manghas,21,164.942395,-21.286071
88,89280,Cleistanthus stipitatus,21,164.942395,-21.286071
88,89281,Croton insularis,21,164.942395,-21.286071
88,89282,Diospyros fasciculosa,21,164.942395,-21.286071
88,89283,Diospyros minimifolia,21,164.942395,-21.286071
88,89284,Dysoxylum bijugum,21,164.942395,-21.286071
88,89285,Erythroxylum novocaledonicum,21,164.942395,-21.286071
88,89286,Fontainea pancheri,21,164.942395,-21.286071
88,89287,Gardenia urvillei,21,164.942395,-21.286071
88,89288,Geijera,21,164.942395,-21.286071
88,89289,Hybanthus caledonicus,21,164.942395,-21.286071
88,89290,Pycnandra filipes,21,164.942395,-21.286071
88,89291,Mimusops elengi,21,164.942395,-21.286071
88,89292,Planchonella cinerea,21,164.942395,-21.286071
88,89293,Pleurostylia opposita,21,164.942395,-21.286071
88,89294,Premna serratifolia,21,164.942395,-21.286071
88,89295,Rauvolfia semperflorens,21,164.942395,-21.286071
88,89296,Dallachya vitiensis,21,164.942395,-21.286071
88,89297,Santalum austrocaledonicum,21,164.942395,-21.286071
89,89298,Acronychia laevis,21,164.446196,-20.287297
89,89299,Aglaia elaeagnoidea,21,164.446196,-20.287297
89,89300,Arthroclianthus,21,164.446196,-20.287297
89,89301,Atractocarpus,21,164.446196,-20.287297
89,89302,Barringtonia,21,164.446196,-20.287297
89,89303,Calophyllum caledonicum,21,164.446196,-20.287297
89,89304,Cerbera manghas,21,164.446196,-20.287297
89,89305,Cleistanthus stipitatus,21,164.446196,-20.287297
89,89306,Codiaeum peltatum,21,164.446196,-20.287297
89,89307,Crossostylis grandiflora,21,164.446196,-20.287297
89,89308,Croton insularis,21,164.446196,-20.287297
89,89309,Cyphophoenix elegans,21,164.446196,-20.287297
89,89310,Diospyros fasciculosa,21,164.446196,-20.287297
89,89311,Elaeocarpus rotundifolius,21,164.446196,-20.287297
89,89312,Elattostachys apetala,21,164.446196,-20.287297
89,89313,Ficus habrophylla,21,164.446196,-20.287297
89,89314,Gardenia urvillei,21,164.446196,-20.287297
89,89315,Geissois racemosa,21,164.446196,-20.287297
89,89316,Melaleuca quinquenervia,21,164.446196,-20.287297
89,89317,Tabernaemontana cerifera,21,164.446196,-20.287297
89,89318,Pleurostylia opposita,21,164.446196,-20.287297
89,89319,Huberantha nitidissima,21,164.446196,-20.287297
89,89320,Semecarpus atra,21,164.446196,-20.287297
89,89321,Syzygium aggregatum,21,164.446196,-20.287297
90,89322,Acacia spirorbis,21,164.455761,-20.285779
90,89323,Acronychia laevis,21,164.455761,-20.285779
90,89324,Aglaia elaeagnoidea,21,164.455761,-20.285779
90,89325,Atractocarpus,21,164.455761,-20.285779
90,89326,Alstonia,21,164.455761,-20.285779
90,89327,Cerbera manghas,21,164.455761,-20.285779
90,89328,Cleidion vieillardii Baill. var. vieillardii,21,164.455761,-20.285779
90,89329,Cleistanthus stipitatus,21,164.455761,-20.285779
90,89330,Cloezia artensis,21,164.455761,-20.285779
90,89331,Codiaeum peltatum,21,164.455761,-20.285779
90,89332,Croton insularis,21,164.455761,-20.285779
90,89333,Delarbrea,21,164.455761,-20.285779
90,89334,Diospyros fasciculosa,21,164.455761,-20.285779
90,89335,Diospyros parviflora,21,164.455761,-20.285779
90,89336,Elattostachys apetala,21,164.455761,-20.285779
90,89337,Eugenia gacognei,21,164.455761,-20.285779
90,89338,Ficus habrophylla,21,164.455761,-20.285779
90,89339,Garcinia pedicellata,21,164.455761,-20.285779
90,89340,Gardenia urvillei,21,164.455761,-20.285779
90,89341,Phyllanthus billardierei,21,164.455761,-20.285779
90,89342,Hunga,21,164.455761,-20.285779
90,89343,Ixora cauliflora,21,164.455761,-20.285779
90,89344,Ixora collina,21,164.455761,-20.285779
90,89345,Ixora opuloides,21,164.455761,-20.285779
90,89346,Lethedon,21,164.455761,-20.285779
90,89347,Denhamia fournieri,21,164.455761,-20.285779
90,89348,Meryta,21,164.455761,-20.285779
90,89349,Mimusops elengi,21,164.455761,-20.285779
90,89350,Ormocarpum orientale,21,164.455761,-20.285779
90,89351,Pleurostylia opposita,21,164.455761,-20.285779
90,89352,Huberantha nitidissima,21,164.455761,-20.285779
90,89353,Premna serratifolia,21,164.455761,-20.285779
90,89354,Semecarpus atra,21,164.455761,-20.285779
90,89355,Storckiella,21,164.455761,-20.285779
91,89356,Acacia simplex,21,166.011448,-21.97927
91,89357,Albizia saman,21,166.011448,-21.97927
91,89358,Alectryon carinatum,21,166.011448,-21.97927
91,89359,Arytera chartacea,21,166.011448,-21.97927
91,89360,Arytera collina,21,166.011448,-21.97927
91,89361,Casearia silvana,21,166.011448,-21.97927
91,89362,Cloezia artensis,21,166.011448,-21.97927
91,89363,Croton insularis,21,166.011448,-21.97927
91,89364,Diospyros pustulata,21,166.011448,-21.97927
91,89365,Drypetes deplanchei,21,166.011448,-21.97927
91,89366,Dysoxylum bijugum,21,166.011448,-21.97927
91,89367,Eugenia gacognei,21,166.011448,-21.97927
91,89368,Euroschinus,21,166.011448,-21.97927
91,89369,Excoecaria agallocha,21,166.011448,-21.97927
91,89370,Fontainea pancheri,21,166.011448,-21.97927
91,89371,Guettarda speciosa,21,166.011448,-21.97927
91,89372,Hernandia nymphaeifolia,21,166.011448,-21.97927
91,89373,Homalium deplanchei,21,166.011448,-21.97927
91,89374,Pycnandra sclerophylla,21,166.011448,-21.97927
91,89375,Planchonella luteocostata,21,166.011448,-21.97927
91,89376,Premna serratifolia,21,166.011448,-21.97927
91,89377,Psydrax odorata,21,166.011448,-21.97927
91,89378,Semecarpus atra,21,166.011448,-21.97927
92,89379,Acacia spirorbis,21,165.077224,-21.321421
92,89380,Acronychia laevis,21,165.077224,-21.321421
92,89381,Acropogon jaffrei,21,165.077224,-21.321421
92,89382,Aleurites moluccana,21,165.077224,-21.321421
92,89383,Alstonia balansae,21,165.077224,-21.321421
92,89384,Baloghia inophylla,21,165.077224,-21.321421
92,89385,Calophyllum caledonicum,21,165.077224,-21.321421
92,89386,Casearia deplanchei,21,165.077224,-21.321421
92,89387,Cerbera manghas,21,165.077224,-21.321421
92,89388,Cleistanthus stipitatus,21,165.077224,-21.321421
92,89389,Cloezia artensis,21,165.077224,-21.321421
92,89390,Codiaeum peltatum,21,165.077224,-21.321421
92,89391,Croton insularis,21,165.077224,-21.321421
92,89392,Diospyros fasciculosa,21,165.077224,-21.321421
92,89393,Diospyros minimifolia,21,165.077224,-21.321421
92,89394,Diospyros samoensis,21,165.077224,-21.321421
92,89395,Dysoxylum bijugum,21,165.077224,-21.321421
92,89396,Ficus habrophylla,21,165.077224,-21.321421
92,89397,Fontainea pancheri,21,165.077224,-21.321421
92,89398,Garcinia densiflora,21,165.077224,-21.321421
92,89399,Gardenia urvillei,21,165.077224,-21.321421
92,89400,Geijera balansae,21,165.077224,-21.321421
92,89401,Ixora cauliflora,21,165.077224,-21.321421
92,89402,Meryta denhamii,21,165.077224,-21.321421
92,89403,Mimusops elengi,21,165.077224,-21.321421
92,89404,Picrella trifoliata,21,165.077224,-21.321421
92,89405,Pisonia artensis,21,165.077224,-21.321421
92,89406,Pittosporum gracile,21,165.077224,-21.321421
92,89407,Pleurostylia opposita,21,165.077224,-21.321421
92,89408,Huberantha nitidissima,21,165.077224,-21.321421
92,89409,Premna serratifolia,21,165.077224,-21.321421
92,89410,Psydrax odorata,21,165.077224,-21.321421
92,89411,Rauvolfia semperflorens,21,165.077224,-21.321421
92,89412,Sarcomelicope leiocarpa,21,165.077224,-21.321421
92,89413,Plerandra veitchii,21,165.077224,-21.321421
92,89414,Stenocarpus trinervis,21,165.077224,-21.321421
92,89415,Storckiella pancheri,21,165.077224,-21.321421
93,89416,Acronychia laevis,21,165.077224,-21.321421
93,89417,Alectryon carinatum,21,165.077224,-21.321421
93,89418,Alstonia balansae,21,165.077224,-21.321421
93,89419,Antirhea rhamnoides,21,165.077224,-21.321421
93,89420,Arytera chartacea,21,165.077224,-21.321421
93,89421,Arytera collina,21,165.077224,-21.321421
93,89422,Cerbera manghas,21,165.077224,-21.321421
93,89423,Cleistanthus stipitatus,21,165.077224,-21.321421
93,89424,Codiaeum peltatum,21,165.077224,-21.321421
93,89425,Cordia subcordata,21,165.077224,-21.321421
93,89426,Croton insularis,21,165.077224,-21.321421
93,89427,Cryptocarya odorata,21,165.077224,-21.321421
93,89428,Diospyros fasciculosa,21,165.077224,-21.321421
93,89429,Drypetes deplanchei,21,165.077224,-21.321421
93,89430,Dysoxylum bijugum,21,165.077224,-21.321421
93,89431,Elattostachys apetala,21,165.077224,-21.321421
93,89432,Erythroxylum novocaledonicum,21,165.077224,-21.321421
93,89433,Eugenia gacognei,21,165.077224,-21.321421
93,89434,Fontainea pancheri,21,165.077224,-21.321421
93,89435,Garcinia pedicellata,21,165.077224,-21.321421
93,89436,Phyllanthus billardierei,21,165.077224,-21.321421
93,89437,Heritiera littoralis,21,165.077224,-21.321421
93,89438,Ixora cauliflora,21,165.077224,-21.321421
93,89439,Ixora opuloides,21,165.077224,-21.321421
93,89440,Denhamia fournieri,21,165.077224,-21.321421
93,89441,Meryta denhamii,21,165.077224,-21.321421
93,89442,Morinda citrifolia,21,165.077224,-21.321421
93,89443,Ormocarpum orientale,21,165.077224,-21.321421
93,89444,Osmanthus austrocaledonicus,21,165.077224,-21.321421
93,89445,Tabernaemontana cerifera,21,165.077224,-21.321421
93,89446,Huberantha nitidissima,21,165.077224,-21.321421
93,89447,Premna serratifolia,21,165.077224,-21.321421
93,89448,Myrsine asymmetrica,21,165.077224,-21.321421
93,89449,Dallachya vitiensis,21,165.077224,-21.321421
93,89450,Santalum austrocaledonicum,21,165.077224,-21.321421
93,89451,Polyscias nothisii,21,165.077224,-21.321421
93,89452,Sarcomelicope leiocarpa,21,165.077224,-21.321421
93,89453,Semecarpus atra,21,165.077224,-21.321421
93,89454,Stenocarpus milnei,21,165.077224,-21.321421
93,89455,Terminalia novocaledonica,21,165.077224,-21.321421
93,89456,Xylocarpus granatum,21,165.077224,-21.321421
94,89457,Acacia spirorbis,21,164.949635379,-21.2943685055
94,89458,Alectryon carinatum,21,164.949635379,-21.2943685055
94,89459,Casearia silvana,21,164.949635379,-21.2943685055
94,89460,Diospyros fasciculosa,21,164.949635379,-21.2943685055
94,89461,Diospyros minimifolia,21,164.949635379,-21.2943685055
94,89462,Drypetes deplanchei,21,164.949635379,-21.2943685055
94,89463,Dysoxylum bijugum,21,164.949635379,-21.2943685055
94,89464,Erythroxylum novocaledonicum,21,164.949635379,-21.2943685055
94,89465,Fontainea pancheri,21,164.949635379,-21.2943685055
94,89466,Gardenia urvillei,21,164.949635379,-21.2943685055
94,89467,Guioa gracilis,21,164.949635379,-21.2943685055
94,89468,Mimusops elengi,21,164.949635379,-21.2943685055
94,89469,Ochrosia elliptica,21,164.949635379,-21.2943685055
94,89470,Planchonella cinerea,21,164.949635379,-21.2943685055
94,89471,Pleurostylia opposita,21,164.949635379,-21.2943685055
94,89472,Psydrax odorata,21,164.949635379,-21.2943685055
94,89473,Santalum austrocaledonicum,21,164.949635379,-21.2943685055
94,89474,Sarcomelicope leiocarpa,21,164.949635379,-21.2943685055
95,89475,Alectryon carinatum,21,164.961621,-21.344843
95,89476,Alstonia balansae,21,164.961621,-21.344843
95,89477,Arytera collina,21,164.961621,-21.344843
95,89478,Casearia deplanchei,21,164.961621,-21.344843
95,89479,Diospyros fasciculosa,21,164.961621,-21.344843
95,89480,Drypetes deplanchei,21,164.961621,-21.344843
95,89481,Dysoxylum bijugum,21,164.961621,-21.344843
95,89482,Fontainea pancheri,21,164.961621,-21.344843
95,89483,Gardenia urvillei,21,164.961621,-21.344843
95,89484,Guioa gracilis,21,164.961621,-21.344843
95,89485,Denhamia fournieri,21,164.961621,-21.344843
95,89486,Mimusops elengi,21,164.961621,-21.344843
95,89487,Morinda citrifolia,21,164.961621,-21.344843
95,89488,Planchonella cinerea,21,164.961621,-21.344843
95,89489,Pleurostylia opposita,21,164.961621,-21.344843
95,89490,Huberantha nitidissima,21,164.961621,-21.344843
95,89491,Psydrax odorata,21,164.961621,-21.344843
95,89492,Santalum austrocaledonicum,21,164.961621,-21.344843
96,89493,Diospyros minimifolia,21,164.949052,-21.305089
96,89494,Drypetes deplanchei,21,164.949052,-21.305089
96,89495,Guettarda speciosa,21,164.949052,-21.305089
96,89496,Guioa gracilis,21,164.949052,-21.305089
96,89497,Mimusops elengi,21,164.949052,-21.305089
96,89498,Ochrosia elliptica,21,164.949052,-21.305089
96,89499,Planchonella cinerea,21,164.949052,-21.305089
96,89500,Pleurostylia opposita,21,164.949052,-21.305089
96,89501,Psydrax odorata,21,164.949052,-21.305089
97,89502,Alectryon carinatum,21,164.960816,-21.313166
97,89503,Alstonia balansae,21,164.960816,-21.313166
97,89504,Arytera collina,21,164.960816,-21.313166
97,89505,Casearia deplanchei,21,164.960816,-21.313166
97,89506,Diospyros fasciculosa,21,164.960816,-21.313166
97,89507,Drypetes deplanchei,21,164.960816,-21.313166
97,89508,Dysoxylum bijugum,21,164.960816,-21.313166
97,89509,Fontainea pancheri,21,164.960816,-21.313166
97,89510,Gardenia urvillei,21,164.960816,-21.313166
97,89511,Guioa gracilis,21,164.960816,-21.313166
97,89512,Denhamia fournieri,21,164.960816,-21.313166
97,89513,Mimusops elengi,21,164.960816,-21.313166
97,89514,Planchonella cinerea,21,164.960816,-21.313166
97,89515,Pleurostylia opposita,21,164.960816,-21.313166
97,89516,Huberantha nitidissima,21,164.960816,-21.313166
97,89517,Psydrax odorata,21,164.960816,-21.313166
97,89518,Santalum austrocaledonicum,21,164.960816,-21.313166
98,89519,Acacia spirorbis,21,164.949842,-21.32835
98,89520,Arytera chartacea,21,164.949842,-21.32835
98,89521,Casuarina collina,21,164.949842,-21.32835
98,89522,Cupaniopsis globosa,21,164.949842,-21.32835
98,89523,Diospyros fasciculosa,21,164.949842,-21.32835
98,89524,Drypetes deplanchei,21,164.949842,-21.32835
98,89525,Dysoxylum bijugum,21,164.949842,-21.32835
98,89526,Ficus prolixa,21,164.949842,-21.32835
98,89527,Fontainea pancheri,21,164.949842,-21.32835
98,89528,Guioa gracilis,21,164.949842,-21.32835
98,89529,Manilkara dissecta,21,164.949842,-21.32835
98,89530,Mimusops elengi,21,164.949842,-21.32835
98,89531,Planchonella cinerea,21,164.949842,-21.32835
98,89532,Pleurostylia opposita,21,164.949842,-21.32835
98,89533,Sarcomelicope leiocarpa,21,164.949842,-21.32835
98,89534,Terminalia novocaledonica,21,164.949842,-21.32835
99,89535,Albizia guillainii,21,164.944286,-21.325824
100,89536,Acacia spirorbis,21,164.973158,-21.3197
100,89537,Acridocarpus austrocaledonicus,21,164.973158,-21.3197
100,89538,Acronychia laevis,21,164.973158,-21.3197
100,89539,Alectryon carinatum,21,164.973158,-21.3197
100,89540,Alphitonia neocaledonica,21,164.973158,-21.3197
100,89541,Alstonia balansae,21,164.973158,-21.3197
100,89542,Arytera arcuata,21,164.973158,-21.3197
100,89543,Arytera collina,21,164.973158,-21.3197
100,89544,Austrobuxus carunculatus,21,164.973158,-21.3197
100,89545,Casearia silvana,21,164.973158,-21.3197
100,89546,Elaeodendron pininsulare subsp. poyaense,21,164.973158,-21.3197
100,89547,Casuarina collina,21,164.973158,-21.3197
100,89548,Celtis conferta,21,164.973158,-21.3197
100,89549,Cerbera manghas,21,164.973158,-21.3197
100,89550,Cloezia artensis,21,164.973158,-21.3197
100,89551,Codiaeum peltatum,21,164.973158,-21.3197
100,89552,Croton insularis,21,164.973158,-21.3197
100,89553,Cupaniopsis trigonocarpa,21,164.973158,-21.3197
100,89554,Diospyros fasciculosa,21,164.973158,-21.3197
100,89555,Diospyros perplexa,21,164.973158,-21.3197
100,89556,Diospyros pustulata,21,164.973158,-21.3197
100,89557,Drypetes deplanchei,21,164.973158,-21.3197
100,89558,Elattostachys apetala,21,164.973158,-21.3197
100,89559,Erythroxylum novocaledonicum,21,164.973158,-21.3197
100,89560,Eugenia gacognei,21,164.973158,-21.3197
100,89561,Excoecaria agallocha,21,164.973158,-21.3197
100,89562,Fontainea pancheri,21,164.973158,-21.3197
100,89563,Gardenia urvillei,21,164.973158,-21.3197
100,89564,Guettarda speciosa,21,164.973158,-21.3197
100,89565,Guioa gracilis,21,164.973158,-21.3197
100,89566,Heritiera littoralis,21,164.973158,-21.3197
100,89567,Ixora cauliflora,21,164.973158,-21.3197
100,89568,Pycnandra petiolata,21,164.973158,-21.3197
100,89569,Lumnitzera racemosa,21,164.973158,-21.3197
100,89570,Manilkara dissecta,21,164.973158,-21.3197
100,89571,Denhamia fournieri,21,164.973158,-21.3197
100,89572,Mimusops elengi,21,164.973158,-21.3197
100,89573,Morinda citrifolia,21,164.973158,-21.3197
100,89574,Osmanthus austrocaledonicus,21,164.973158,-21.3197
100,89575,Planchonella cinerea,21,164.973158,-21.3197
100,89576,Planchonella luteocostata,21,164.973158,-21.3197
100,89577,Pleurostylia opposita,21,164.973158,-21.3197
100,89578,Premna serratifolia,21,164.973158,-21.3197
100,89579,Psydrax odorata,21,164.973158,-21.3197
100,89580,Rauvolfia semperflorens,21,164.973158,-21.3197
100,89581,Sarcomelicope leiocarpa,21,164.973158,-21.3197
100,89582,Stenocarpus milnei,21,164.973158,-21.3197
100,89583,Terminalia novocaledonica,21,164.973158,-21.3197
100,89584,Xylocarpus granatum,21,164.973158,-21.3197
101,89585,Acacia spirorbis,21,166.460018,-22.259073
101,89586,Acronychia laevis,21,166.460018,-22.259073
101,89588,Aglaia elaeagnoidea,21,166.460018,-22.259073
101,89589,Arytera arcuata,21,166.460018,-22.259073
101,89590,Arytera collina,21,166.460018,-22.259073
101,89591,Casuarina collina,21,166.460018,-22.259073
101,89592,Celtis conferta,21,166.460018,-22.259073
101,89593,Cerbera manghas,21,166.460018,-22.259073
101,89594,Croton insularis,21,166.460018,-22.259073
101,89595,Diospyros fasciculosa,21,166.460018,-22.259073
101,89596,Drypetes deplanchei,21,166.460018,-22.259073
101,89597,Dysoxylum bijugum,21,166.460018,-22.259073
101,89598,Eugenia gacognei,21,166.460018,-22.259073
101,89599,Ficus virens,21,166.460018,-22.259073
101,89600,Fontainea pancheri,21,166.460018,-22.259073
101,89601,Gardenia urvillei,21,166.460018,-22.259073
101,89602,Phyllanthus billardierei,21,166.460018,-22.259073
101,89603,Grewia crenata,21,166.460018,-22.259073
101,89604,Hybanthus caledonicus,21,166.460018,-22.259073
101,89605,Ixora collina,21,166.460018,-22.259073
101,89606,Melaleuca quinquenervia,21,166.460018,-22.259073
101,89607,Melia azedarach,21,166.460018,-22.259073
101,89608,Ormocarpum orientale,21,166.460018,-22.259073
101,89609,Pittosporum pancheri,21,166.460018,-22.259073
101,89610,Planchonella cinerea,21,166.460018,-22.259073
101,89611,Pleurostylia opposita,21,166.460018,-22.259073
101,89612,Premna serratifolia,21,166.460018,-22.259073
101,89613,Psydrax odorata,21,166.460018,-22.259073
101,89614,Dallachya vitiensis,21,166.460018,-22.259073
101,89615,Santalum austrocaledonicum,21,166.460018,-22.259073
101,89616,Sarcomelicope leiocarpa,21,166.460018,-22.259073
101,89617,Plerandra veitchii,21,166.460018,-22.259073
101,89618,Semecarpus atra,21,166.460018,-22.259073
101,89619,Soulamea tomentosa,21,166.460018,-22.259073
102,89620,Guettarda speciosa,21,165.459069,-21.658835
102,89621,Acacia simplex,21,165.459069,-21.658835
102,89622,Cerbera manghas,21,165.459069,-21.658835
102,89623,Mimusops elengi,21,165.459069,-21.658835
102,89624,Planchonella cinerea,21,165.459069,-21.658835
102,89625,Celtis conferta,21,165.459069,-21.658835
102,89626,Excoecaria agallocha,21,165.459069,-21.658835
102,89627,Grewia crenata,21,165.459069,-21.658835
103,89628,Melaleuca quinquenervia,4,165.73255787,-21.37850015
103,89629,Phyllanthus billardierei,4,165.73255787,-21.37850015
103,89630,Metrosideros laurifolia,4,165.73255787,-21.37850015
103,89631,Fagraea berteroana,4,165.73255787,-21.37850015
103,89632,Plerandra gabriellae,4,165.73255787,-21.37850015
103,89633,Archidendropsis granulosa,4,165.73255787,-21.37850015
103,89634,Podonephelium pachycaule,4,165.73255787,-21.37850015
103,89635,Tabernaemontana cerifera,4,165.73255787,-21.37850015
103,89636,Guioa glauca,4,165.73255787,-21.37850015
103,89637,Gymnostoma glaucescens,4,165.73255787,-21.37850015
103,89638,Garcinia neglecta,4,165.73255787,-21.37850015
103,89639,Guettarda balansaeana,4,165.73255787,-21.37850015
103,89640,Elaeocarpus angustifolius,4,165.73255787,-21.37850015
104,89641,Acacia spirorbis,21,164.96389,-21.26204
104,89642,Acronychia laevis,21,164.96389,-21.26204
104,89643,Alphitonia neocaledonica,21,164.96389,-21.26204
104,89644,Arytera collina,21,164.96389,-21.26204
104,89645,Austrobuxus carunculatus,21,164.96389,-21.26204
104,89646,Baloghia alternifolia,21,164.96389,-21.26204
104,89647,Casearia deplanchei,21,164.96389,-21.26204
104,89648,Casearia silvana,21,164.96389,-21.26204
104,89649,Casuarina collina,21,164.96389,-21.26204
104,89650,Cerbera manghas,21,164.96389,-21.26204
104,89651,Cleistanthus stipitatus,21,164.96389,-21.26204
104,89652,Cloezia artensis,21,164.96389,-21.26204
104,89653,Codiaeum peltatum,21,164.96389,-21.26204
104,89654,Croton insularis,21,164.96389,-21.26204
104,89655,Cynometra ramiflora,21,164.96389,-21.26204
104,89656,Diospyros samoensis,21,164.96389,-21.26204
104,89657,Drypetes deplanchei,21,164.96389,-21.26204
104,89658,Eugenia gacognei,21,164.96389,-21.26204
104,89659,Euroschinus jaffrei,21,164.96389,-21.26204
104,89660,Gardenia urvillei,21,164.96389,-21.26204
104,89661,Hibbertia lucens,21,164.96389,-21.26204
104,89662,Hibbertia wagapii,21,164.96389,-21.26204
104,89663,Homalium deplanchei,21,164.96389,-21.26204
104,89664,Hybanthus austrocaledonicus,21,164.96389,-21.26204
104,89665,Ixora collina,21,164.96389,-21.26204
104,89666,Pycnandra filipes,21,164.96389,-21.26204
104,89667,Maxwellia lepidota,21,164.96389,-21.26204
104,89668,Denhamia fournieri,21,164.96389,-21.26204
104,89669,Melia azedarach,21,164.96389,-21.26204
104,89670,Mimusops elengi,21,164.96389,-21.26204
104,89671,Pleurostylia opposita,21,164.96389,-21.26204
104,89672,Psydrax odorata,21,164.96389,-21.26204
104,89673,Rauvolfia semperflorens,21,164.96389,-21.26204
104,89674,Dallachya vitiensis,21,164.96389,-21.26204
104,89675,Sarcomelicope simplicifolia,21,164.96389,-21.26204
104,89676,Stenocarpus milnei,21,164.96389,-21.26204
104,89677,Styphelia cymbulae,21,164.96389,-21.26204
104,89678,Terminalia cherrieri,21,164.96389,-21.26204
104,89679,Terminalia novocaledonica,21,164.96389,-21.26204
105,89680,Barringtonia neocaledonica,30,164.73033797,-20.9264230728
105,89681,Huberantha nitidissima,30,164.73033797,-20.9264230728
105,89682,Diospyros fasciculosa,30,164.73033797,-20.9264230728
106,89683,Elaeocarpus angustifolius,4,165.198337,-21.313101
106,89684,Semecarpus atra,4,165.198337,-21.313101
106,89685,Barringtonia neocaledonica,4,165.198337,-21.313101
106,89686,Cerbera manghas,4,165.198337,-21.313101
106,89687,Ficus prolixa,4,165.198337,-21.313101
106,89688,Elattostachys apetala,4,165.198337,-21.313101
106,89689,Dysoxylum bijugum,4,165.198337,-21.313101
106,89690,Morinda citrifolia,4,165.198337,-21.313101
106,89691,Ficus habrophylla,4,165.198337,-21.313101
106,89692,Aleurites moluccana,4,165.198337,-21.313101
107,89693,Semecarpus atra,30,164.7255529091,-20.930467844
107,89694,Gyrocarpus americanus,30,164.7255529091,-20.930467844
107,89695,Huberantha nitidissima,30,164.7255529091,-20.930467844
107,89696,Diospyros fasciculosa,30,164.7255529091,-20.930467844
108,89697,Podonephelium homei,57,167.9606968478,-21.4583703219
108,89698,Schefflera,57,167.9606968478,-21.4583703219
108,89699,Diospyros fasciculosa,57,167.9606968478,-21.4583703219
108,89700,Aglaia elaeagnoidea,57,167.9606968478,-21.4583703219
108,89701,Olea paniculata,57,167.9606968478,-21.4583703219
108,89702,Elaeocarpus rotundifolius,57,167.9606968478,-21.4583703219
108,89703,Ficus habrophylla,57,167.9606968478,-21.4583703219
108,89704,Acronychia laevis,57,167.9606968478,-21.4583703219
108,89705,Claoxylon insulanum,57,167.9606968478,-21.4583703219
108,89706,Delarbrea paradoxa,57,167.9606968478,-21.4583703219
108,89707,Lantana camara,57,167.9606968478,-21.4583703219
108,89708,Meryta denhamii,57,167.9606968478,-21.4583703219
108,89722,Polyscias bracteata,57,167.9606968478,-21.4583703219
109,89709,Acronychia laevis,57,167.8716356696,-21.4910334866
109,89710,Aglaia elaeagnoidea,57,167.8716356696,-21.4910334866
109,89711,Delarbrea paradoxa,57,167.8716356696,-21.4910334866
109,89712,Diospyros samoensis,57,167.8716356696,-21.4910334866
109,89713,Diospyros fasciculosa,57,167.8716356696,-21.4910334866
109,89714,Ficus prolixa,57,167.8716356696,-21.4910334866
109,89715,Anacardiaceae,57,167.8716356696,-21.4910334866
109,89716,Lantana camara,57,167.8716356696,-21.4910334866
109,89717,Olea paniculata,57,167.8716356696,-21.4910334866
109,89718,Pandanus macrocarpus,57,167.8716356696,-21.4910334866
109,89719,Schefflera,57,167.8716356696,-21.4910334866
109,89720,Syzygium densiflorum,57,167.8716356696,-21.4910334866
109,89721,Polyscias bracteata,57,167.8716356696,-21.4910334866
112,89723,Casuarina collina,30,165.3266475163,-21.3935726881
112,89724,Pittosporum simsonii,30,165.3266475163,-21.3935726881
112,89725,Elattostachys apetala,30,165.3266475163,-21.3935726881
112,89726,Cleidion,30,165.3266475163,-21.3935726881
112,89727,Pandanus balansae,30,165.3266475163,-21.3935726881
112,89728,Garcinia neglecta,30,165.3266475163,-21.3935726881
112,89729,Huberantha nitidissima,30,165.3266475163,-21.3935726881
112,89730,Syzygium macranthum,30,165.3266475163,-21.3935726881
113,89731,Casuarina collina,30,165.327735655,-21.3931381702
113,89732,Huberantha nitidissima,30,165.327735655,-21.3931381702
113,89733,Acropogon,30,165.327735655,-21.3931381702
113,89734,Dysoxylum bijugum,30,165.327735655,-21.3931381702
113,89735,Ficus habrophylla,30,165.327735655,-21.3931381702
114,89736,Casuarina collina,30,165.1557953283,-21.2009847164
114,89737,Geissois racemosa,30,165.1557953283,-21.2009847164
114,89738,Ficus,30,165.1557953283,-21.2009847164
114,89739,Podonephelium pachycaule,30,165.1557953283,-21.2009847164
114,89740,Elaeocarpus angustifolius,30,165.1557953283,-21.2009847164
114,89751,Plerandra gabriellae,30,165.1557953283,-21.2009847164
114,89752,Chambeyronia macrocarpa,30,165.1557953283,-21.2009847164
114,89753,Acronychia laevis,30,165.1557953283,-21.2009847164
114,89806,Kermadecia sinuata,30,165.1557953283,-21.2009847164
115,89741,Geissois racemosa,30,165.1455827337,-21.192779839
115,89742,Pittosporum malaxanii,30,165.1455827337,-21.192779839
115,89743,Diospyros macrocarpa,30,165.1455827337,-21.192779839
115,89748,Plerandra gabriellae,30,165.1455827337,-21.192779839
115,89749,Chambeyronia macrocarpa,30,165.1455827337,-21.192779839
115,89805,Kermadecia sinuata,30,165.1455827337,-21.192779839
116,89744,Hernandia cordigera,30,165.1475970726,-21.1926349998
116,89745,Geissois racemosa,30,165.1475970726,-21.1926349998
116,89746,Casuarina collina,30,165.1475970726,-21.1926349998
116,89747,Ficus habrophylla,30,165.1475970726,-21.1926349998
116,89750,Plerandra gabriellae,30,165.1475970726,-21.1926349998
116,89804,Kermadecia sinuata,30,165.1475970726,-21.1926349998
118,89754,Barringtonia integrifolia,4,164.4237815123,-20.3165155649
118,89755,Elattostachys apetala,4,164.4237815123,-20.3165155649
118,89756,Cyphophoenix elegans,4,164.4237815123,-20.3165155649
118,89757,Garcinia puat,4,164.4237815123,-20.3165155649
118,89758,Ficus virgata,4,164.4237815123,-20.3165155649
118,89759,Dendrocnide peltata,4,164.4237815123,-20.3165155649
118,89760,Syzygium lateriflorum,4,164.4237815123,-20.3165155649
118,89761,Cleidion vieillardii,4,164.4237815123,-20.3165155649
118,89762,Codiaeum peltatum,4,164.4237815123,-20.3165155649
118,89763,Elaeocarpus angustifolius,4,164.4237815123,-20.3165155649
118,89764,Alectryon carinatum,4,164.4237815123,-20.3165155649
118,89765,Melaleuca quinquenervia,4,164.4237815123,-20.3165155649
118,89766,Mezoneuron,4,164.4237815123,-20.3165155649
118,89767,Phyllanthus billardierei,4,164.4237815123,-20.3165155649
118,89768,Archidendropsis granulosa,4,164.4237815123,-20.3165155649
118,89769,Huberantha nitidissima,4,164.4237815123,-20.3165155649
118,89770,Antirhea wagapensis,4,164.4237815123,-20.3165155649
119,89771,Plerandra gabriellae,4,164.4435681682,-20.3069239855
119,89772,Cyphophoenix elegans,4,164.4435681682,-20.3069239855
119,89773,Dutaillyea trifoliolata,4,164.4435681682,-20.3069239855
119,89774,Oxera sessilifolia,4,164.4435681682,-20.3069239855
119,89775,Dracophyllum verticillatum,4,164.4435681682,-20.3069239855
119,89776,Acronychia laevis,4,164.4435681682,-20.3069239855
119,89777,Garcinia balansae,4,164.4435681682,-20.3069239855
119,89778,Elaeocarpus vieillardii Brongn. & Gris var. vieillardii,4,164.4435681682,-20.3069239855
119,89779,Metrosideros laurifolia,4,164.4435681682,-20.3069239855
119,89780,Codia incrassata,4,164.4435681682,-20.3069239855
119,89781,Hugonia oreogena,4,164.4435681682,-20.3069239855
119,89782,Syzygium baladense,4,164.4435681682,-20.3069239855
119,89783,Myodocarpus pinnatus,4,164.4435681682,-20.3069239855
119,89784,Apodytes clusiifolia,4,164.4435681682,-20.3069239855
119,89785,Dysoxylum,4,164.4435681682,-20.3069239855
119,89786,Diospyros flavocarpa,4,164.4435681682,-20.3069239855
119,89787,Guioa glauca,4,164.4435681682,-20.3069239855
119,89788,Syzygium deplanchei,4,164.4435681682,-20.3069239855
119,89789,Cyphokentia cerifera,4,164.4435681682,-20.3069239855
119,89790,Virotia vieillardii,4,164.4435681682,-20.3069239855
119,89791,Eucarpha strobilina,4,164.4435681682,-20.3069239855
119,89792,Freycinetia arborea,4,164.4435681682,-20.3069239855
119,89793,Meryta oxylaena,4,164.4435681682,-20.3069239855
121,89794,Pandanus,30,165.157167,-21.2150667
121,89795,Rhodomyrtus locellata,30,165.157167,-21.2150667
121,89796,Chambeyronia macrocarpa,30,165.157167,-21.2150667
122,89797,Archidendropsis granulosa,30,165.9444576502,-21.6440534592
122,89798,Semecarpus atra,30,165.9444576502,-21.6440534592
122,89799,Ficus,30,165.9444576502,-21.6440534592
122,89800,Elattostachys apetala,30,165.9444576502,-21.6440534592
122,89801,Cerbera manghas,30,165.9444576502,-21.6440534592
122,89802,Elaeocarpus angustifolius,30,165.9444576502,-21.6440534592
122,89803,Aleurites moluccana,30,165.9444576502,-21.6440534592
123,89807,Cupaniopsis oedipoda,4,165.2184874378,-20.8171015978
123,89808,Fagraea berteroana,4,165.2184874378,-20.8171015978
123,89809,Zygogynum amplexicaule (Parmentier) Vink subsp. amplexicaule,4,165.2184874378,-20.8171015978
123,89810,Tapeinosperma deroinii,4,165.2184874378,-20.8171015978
123,89811,Plerandra moratiana,4,165.2184874378,-20.8171015978
123,89812,Plerandra gabriellae,4,165.2184874378,-20.8171015978
123,89813,Hernandia cordigera,4,165.2184874378,-20.8171015978
123,89814,Comptonella drupacea,4,165.2184874378,-20.8171015978
123,89815,Atractocarpus mollis,4,165.2184874378,-20.8171015978
123,89816,Macaranga corymbosa,4,165.2184874378,-20.8171015978
123,89817,Cleistanthus stipitatus,4,165.2184874378,-20.8171015978
123,89818,Homalium francii,4,165.2184874378,-20.8171015978
123,89819,Guioa ovalis,4,165.2184874378,-20.8171015978
123,89820,Sphaeropteris novaecaledoniae,4,165.2184874378,-20.8171015978
123,89821,Crossostylis grandiflora,4,165.2184874378,-20.8171015978
123,89822,Pandanus,4,165.2184874378,-20.8171015978
123,89823,Garcinia puat,4,165.2184874378,-20.8171015978
123,89824,Goniothalamus obtusatus,4,165.2184874378,-20.8171015978
123,89825,Apodytes clusiifolia,4,165.2184874378,-20.8171015978
123,89826,Harpullia austrocaledonica,4,165.2184874378,-20.8171015978
123,89827,Ficus racemigera,4,165.2184874378,-20.8171015978
123,89828,Ficus pteroporum,4,165.2184874378,-20.8171015978
123,89829,Cyphokentia macrostachya,4,165.2184874378,-20.8171015978
123,89830,Burretiokentia vieillardii,4,165.2184874378,-20.8171015978
123,89831,Ficus habrophylla,4,165.2184874378,-20.8171015978
123,89832,Ixora comptonii,4,165.2184874378,-20.8171015978
123,89833,Syzygium densiflorum,4,165.2184874378,-20.8171015978
123,89834,Phelline confertifolia,4,165.2184874378,-20.8171015978
123,89835,Antirhea wagapensis,4,165.2184874378,-20.8171015978
123,89836,Xylopia vieillardii,4,165.2184874378,-20.8171015978
124,89837,Diospyros parviflora,4,165.2481356543,-20.8181610703
124,89838,Cynometra ramiflora,4,165.2481356543,-20.8181610703
124,89839,Arthroclianthus,4,165.2481356543,-20.8181610703
124,89840,Pittosporum gracile,4,165.2481356543,-20.8181610703
124,89841,Syzygium longifolium,4,165.2481356543,-20.8181610703
124,89842,Acropogon sageniifolius,4,165.2481356543,-20.8181610703
124,89843,Commersonia bartramia,4,165.2481356543,-20.8181610703
124,89844,Barringtonia integrifolia,4,165.2481356543,-20.8181610703
124,89845,Macaranga corymbosa,4,165.2481356543,-20.8181610703
129,89850,Podocarpus polyspermus,30,165.1576549374,-21.2145513296
129,89851,Plerandra gabriellae,30,165.1576549374,-21.2145513296
130,89852,Podocarpus polyspermus,30,165.1122665964,-21.170681119
131,89853,Gymnostoma,17,166.55121,-22.09739
131,89854,Diospyros macrocarpa,17,166.55121,-22.09739
131,89855,Pleurocalyptus pancheri,17,166.55121,-22.09739
131,89856,Alphitonia neocaledonica,17,166.55121,-22.09739
131,89857,Tabernaemontana cerifera,17,166.55121,-22.09739
131,89858,Agathis lanceolata,17,166.55121,-22.09739
131,89859,Basselinia pancheri,17,166.55121,-22.09739
131,89860,Deplanchea speciosa,17,166.55121,-22.09739
131,89861,Styphelia,17,166.55121,-22.09739
131,89862,Cryptocarya,17,166.55121,-22.09739
131,89863,Pancheria,17,166.55121,-22.09739
131,89864,Pandanus bernardii,17,166.55121,-22.09739
131,89865,Pandanus pancheri,17,166.55121,-22.09739
131,89866,Beilschmiedia,17,166.55121,-22.09739
131,89867,Garcinia amplexicaulis,17,166.55121,-22.09739
131,89868,Calophyllum caledonicum,17,166.55121,-22.09739
131,89869,Araucaria,17,166.55121,-22.09739
131,89870,Podocarpus,17,166.55121,-22.09739
131,89871,Elaeocarpus speciosus,17,166.55121,-22.09739
131,89872,Meryta coriacea,17,166.55121,-22.09739
131,89873,Pycnandra,17,166.55121,-22.09739
131,89874,Alstonia,17,166.55121,-22.09739
131,89875,Montrouziera cauliflora,17,166.55121,-22.09739
132,89876,Ascarina rubricaulis,17,166.55629,-22.08811
132,89877,Elaeocarpus bullatus,17,166.55629,-22.08811
132,89878,Elaeocarpus gummatus,17,166.55629,-22.08811
132,89879,Nemuaron vieillardii,17,166.55629,-22.08811
132,89880,Periomphale balansae,17,166.55629,-22.08811
132,89881,Apiopetalum glabratum,17,166.55629,-22.08811
132,89882,Weinmannia paitensis,17,166.55629,-22.08811
132,89883,Hibbertia baudouinii,17,166.55629,-22.08811
132,89884,Quintinia,17,166.55629,-22.08811
132,89885,Sphenostemon,17,166.55629,-22.08811
132,89886,Pancheria,17,166.55629,-22.08811
132,89887,Syzygium,17,166.55629,-22.08811
132,89888,Metrosideros,17,166.55629,-22.08811
132,89889,Cunonia,17,166.55629,-22.08811
132,89890,Phelline comosa,17,166.55629,-22.08811
132,89891,Ficus austrocaledonica,17,166.55629,-22.08811
132,89892,Dysoxylum roseum,17,166.55629,-22.08811
132,89893,Paracryphia alticola,17,166.55629,-22.08811
132,89894,Tapeinosperma deflexum,17,166.55629,-22.08811
132,89895,Antirhea,17,166.55629,-22.08811
133,89896,Trophis scandens,19,166.493376,-22.210077
133,89897,Semecarpus atra,19,166.493376,-22.210077
133,89898,Meryta denhamii,19,166.493376,-22.210077
133,89899,Acronychia laevis,19,166.493376,-22.210077
133,89900,Dysoxylum bijugum,19,166.493376,-22.210077
133,89901,Ficus virens,19,166.493376,-22.210077
133,89902,Salicaceae,19,166.493376,-22.210077
133,89903,Sapindaceae,19,166.493376,-22.210077
133,89904,Cordyline fruticosa,19,166.493376,-22.210077
133,89905,Ventilago pseudocalyculata,19,166.493376,-22.210077
134,89906,Plerandra gabriellae,19,165.773882,-21.602725
134,89907,Casuarina collina,19,165.773882,-21.602725
134,89908,Fagraea berteroana,19,165.773882,-21.602725
134,89909,Austrotaxus spicata,19,165.773882,-21.602725
134,89910,Dysoxylum roseum,19,165.773882,-21.602725
134,89911,Dysoxylum rufescens,19,165.773882,-21.602725
134,89912,Chionanthus pedunculatus,19,165.773882,-21.602725
134,89913,Cunonia,19,165.773882,-21.602725
134,89914,Ficus otophoroides,19,165.773882,-21.602725
134,89915,Geissois polyphylla,19,165.773882,-21.602725
134,89916,Bocquillonia,19,165.773882,-21.602725
134,89917,Meryta balansae,19,165.773882,-21.602725
134,89918,Acropogon,19,165.773882,-21.602725
134,89919,Phelline dumbeensis,19,165.773882,-21.602725
134,89920,Pittosporum morierei,19,165.773882,-21.602725
134,89921,Salaciopsis megaphylla,19,165.773882,-21.602725
134,89922,Tapeinosperma vieillardii,19,165.773882,-21.602725
135,89923,Macaranga alchorneoides,19,165.806308,-21.665704
135,89924,Casuarina collina,19,165.806308,-21.665704
135,89925,Acacia spirorbis,19,165.806308,-21.665704
135,89926,Acronychia laevis,19,165.806308,-21.665704
135,89927,Atractocarpus vaginatus,19,165.806308,-21.665704
135,89928,Oxera coriacea,19,165.806308,-21.665704
136,89929,Acacia spirorbis,4,164.958484,-21.174648
136,89930,Gardenia urvillei,4,164.958484,-21.174648
136,89931,Tetracera billardierei,4,164.958484,-21.174648
136,89932,Cerbera manghas,4,164.958484,-21.174648
136,89933,Casearia deplanchei,4,164.958484,-21.174648
136,89934,Styphelia cymbulae,4,164.958484,-21.174648
136,89935,Arytera chartacea,4,164.958484,-21.174648
136,89936,Lantana camara,4,164.958484,-21.174648
136,89937,Casuarina collina,4,164.958484,-21.174648
136,89938,Jasminum,4,164.958484,-21.174648
136,89939,Cupaniopsis trigonocarpa,4,164.958484,-21.174648
136,89940,Myrsine lecardii,4,164.958484,-21.174648
137,89941,Cerbera manghas,4,164.981767,-21.136815
137,89942,Semecarpus balansae,4,164.981767,-21.136815
137,89943,Dallachya vitiensis,4,164.981767,-21.136815
137,89944,Elaeocarpus angustifolius,4,164.981767,-21.136815
137,89945,Aleurites moluccana,4,164.981767,-21.136815
137,89946,Tetracera billardierei,4,164.981767,-21.136815
137,89947,Ficus habrophylla,4,164.981767,-21.136815
137,89948,Hunga mackeeana,4,164.981767,-21.136815
137,89949,Phyllanthus billardierei,4,164.981767,-21.136815
137,89950,Morinda citrifolia,4,164.981767,-21.136815
138,89951,Aleurites moluccana,4,165.004123,-21.081768
138,89952,Homalium deplanchei,4,165.004123,-21.081768
138,89953,Codiaeum peltatum,4,165.004123,-21.081768
138,89954,Dysoxylum bijugum,4,165.004123,-21.081768
138,89955,Fontainea pancheri,4,165.004123,-21.081768
138,89956,Eugenia brongniartiana,4,165.004123,-21.081768
138,89957,Diospyros samoensis,4,165.004123,-21.081768
138,89958,Diospyros fasciculosa,4,165.004123,-21.081768
138,89959,Semecarpus atra,4,165.004123,-21.081768
138,89960,Dendrocnide latifolia,4,165.004123,-21.081768
138,89961,Storckiella pancheri,4,165.004123,-21.081768
138,89962,Albizia saman,4,165.004123,-21.081768
138,89963,Ficus prolixa,4,165.004123,-21.081768
138,89964,Baloghia inophylla,4,165.004123,-21.081768
138,89965,Ochrosia,4,165.004123,-21.081768
138,89966,Oxera sulfurea,4,165.004123,-21.081768
138,89967,Huberantha nitidissima,4,165.004123,-21.081768
138,89968,Garcinia neglecta,4,165.004123,-21.081768
138,89969,Mammea neurophylla,4,165.004123,-21.081768
138,89970,Euroschinus obtusifolius,4,165.004123,-21.081768
138,89971,Ixora cauliflora,4,165.004123,-21.081768
139,89972,Ficus habrophylla,4,165.5259436928,-21.2947332859
139,89973,Ficus otophora,4,165.5259436928,-21.2947332859
139,89974,Ficus webbiana,4,165.5259436928,-21.2947332859
139,89975,Calophyllum caledonicum,4,165.5259436928,-21.2947332859
139,89976,Neuburgia novocaledonica,4,165.5259436928,-21.2947332859
139,89977,Depanthus glaber,4,165.5259436928,-21.2947332859
139,89978,Tapeinosperma wagapense,4,165.5259436928,-21.2947332859
139,89979,Xylopia vieillardii,4,165.5259436928,-21.2947332859
139,89980,Ficus pteroporum,4,165.5259436928,-21.2947332859
139,89981,Cleistanthus stipitatus,4,165.5259436928,-21.2947332859
139,89982,Phyllanthus billardierei,4,165.5259436928,-21.2947332859
139,89983,Coronanthera barbata,4,165.5259436928,-21.2947332859
139,89984,Sphaeropteris novaecaledoniae,4,165.5259436928,-21.2947332859
139,89985,Hedycarya engleriana,4,165.5259436928,-21.2947332859
139,89986,Hedycarya cupulata,4,165.5259436928,-21.2947332859
139,89987,Garcinia puat,4,165.5259436928,-21.2947332859
139,89988,Garcinia densiflora,4,165.5259436928,-21.2947332859
139,89989,Basselinia gracilis,4,165.5259436928,-21.2947332859
139,89990,Burretiokentia vieillardii,4,165.5259436928,-21.2947332859
139,89991,Dysoxylum rufescens subsp. dzumacense,4,165.5259436928,-21.2947332859
139,89992,Dysoxylum kouiriense,4,165.5259436928,-21.2947332859
139,89993,Dysoxylum macranthum,4,165.5259436928,-21.2947332859
139,89994,Soulamea tomentosa,4,165.5259436928,-21.2947332859
139,89995,Codia mackeeana,4,165.5259436928,-21.2947332859
139,89996,Kanakomyrtus prominens,4,165.5259436928,-21.2947332859
139,89997,Anthocarapa nitidula,4,165.5259436928,-21.2947332859
139,89998,Macaranga corymbosa,4,165.5259436928,-21.2947332859
139,89999,Hernandia cordigera,4,165.5259436928,-21.2947332859
139,90000,Barringtonia integrifolia,4,165.5259436928,-21.2947332859
139,90001,Plerandra gabriellae,4,165.5259436928,-21.2947332859
139,90002,Geissois polyphylla,4,165.5259436928,-21.2947332859
139,90003,Archidendropsis fulgens,4,165.5259436928,-21.2947332859
139,90004,Comptonella drupacea,4,165.5259436928,-21.2947332859
139,90005,Cupaniopsis oedipoda,4,165.5259436928,-21.2947332859
139,90006,Cupaniopsis sylvatica,4,165.5259436928,-21.2947332859
139,90007,Alstonia costata,4,165.5259436928,-21.2947332859
139,90008,Gardenia oudiepe,4,165.5259436928,-21.2947332859
139,90009,Pycnandra benthamii,4,165.5259436928,-21.2947332859
139,90010,Pycnandra balansae,4,165.5259436928,-21.2947332859
139,90011,Schefflera candelabrum,4,165.5259436928,-21.2947332859
139,90012,Spiraeanthemum densiflorum,4,165.5259436928,-21.2947332859
139,90013,Codiaeum peltatum,4,165.5259436928,-21.2947332859
139,90014,Symplocos montana var. tortuosa,4,165.5259436928,-21.2947332859
139,90015,Aleurites moluccana,4,165.5259436928,-21.2947332859
139,90016,Garcinia balansae,4,165.5259436928,-21.2947332859
140,90017,Plerandra gabriellae,4,165.010641,-20.852822
140,90018,Dysoxylum rufescens subsp. dzumacense,4,165.010641,-20.852822
140,90019,Syzygium lateriflorum,4,165.010641,-20.852822
140,90020,Burretiokentia vieillardii,4,165.010641,-20.852822
140,90021,Dysoxylum kouiriense,4,165.010641,-20.852822
140,90022,Schefflera vieillardii,4,165.010641,-20.852822
140,90023,Gongrodiscus sufferrugineus,4,165.010641,-20.852822
140,90024,Geniostoma erythrospermum,4,165.010641,-20.852822
140,90025,Antirhea wagapensis,4,165.010641,-20.852822
140,90026,Salaciopsis,4,165.010641,-20.852822
140,90027,Harpullia austrocaledonica,4,165.010641,-20.852822
140,90028,Pycnandra comptonii,4,165.010641,-20.852822
140,90029,Neuburgia novocaledonica,4,165.010641,-20.852822
140,90030,Metrosideros laurifolia,4,165.010641,-20.852822
140,90031,Garcinia amplexicaulis,4,165.010641,-20.852822
140,90032,Piliocalyx bullatus,4,165.010641,-20.852822
140,90033,Gossia ramiflora,4,165.010641,-20.852822
140,90034,Amborella trichopoda,4,165.010641,-20.852822
140,90035,Acropogon macrocarpus,4,165.010641,-20.852822
140,90036,Comptonella drupacea,4,165.010641,-20.852822
140,90037,Kermadecia rotundifolia,4,165.010641,-20.852822
140,90038,Phyllanthus billardierei,4,165.010641,-20.852822
140,90039,Macaranga corymbosa,4,165.010641,-20.852822
140,90040,Hernandia cordigera,4,165.010641,-20.852822
140,90041,Cupaniopsis macrocarpa,4,165.010641,-20.852822
140,90042,Cryptocarya macrodesme,4,165.010641,-20.852822
140,90043,Zygogynum amplexicaule subsp. luteum,4,165.010641,-20.852822
140,90044,Zygogynum stipitatum,4,165.010641,-20.852822
140,90045,Ficus otophora,4,165.010641,-20.852822
140,90046,Storthocalyx corymbosus,4,165.010641,-20.852822
140,90047,Crossostylis grandiflora,4,165.010641,-20.852822
140,90048,Calophyllum caledonicum,4,165.010641,-20.852822
140,90049,Hedycarya cupulata,4,165.010641,-20.852822
140,90050,Hedycarya engleriana,4,165.010641,-20.852822
140,90051,Basselinia gracilis,4,165.010641,-20.852822
140,90052,Pancheria ternata,4,165.010641,-20.852822
140,90053,Cryptocarya velutinosa,4,165.010641,-20.852822
140,90054,Cryptocarya (aff_pluricostata_Barrab280),4,165.010641,-20.852822
140,90055,Myodocarpus pinnatus,4,165.010641,-20.852822
141,90056,Cerberiopsis candelabra,4,165.010152217,-20.8510959148
141,90057,Macaranga alchorneoides,4,165.010152217,-20.8510959148
141,90058,Ficus austrocaledonica,4,165.010152217,-20.8510959148
141,90059,Archidendropsis streptocarpa,4,165.010152217,-20.8510959148
141,90060,Codia incrassata,4,165.010152217,-20.8510959148
141,90061,Pycnandra balansae,4,165.010152217,-20.8510959148
141,90062,Meryta coriacea,4,165.010152217,-20.8510959148
141,90063,Syzygium wagapense,4,165.010152217,-20.8510959148
141,90064,Syzygium lateriflorum,4,165.010152217,-20.8510959148
141,90065,Soulamea tomentosa,4,165.010152217,-20.8510959148
141,90066,Gymnostoma webbianum,4,165.010152217,-20.8510959148
141,90067,Macaranga corymbosa,4,165.010152217,-20.8510959148
141,90068,Diospyros labillardierei,4,165.010152217,-20.8510959148
141,90069,Duboisia myoporoides,4,165.010152217,-20.8510959148
141,90070,Elaeocarpus toninensis,4,165.010152217,-20.8510959148
141,90071,Polyscias bracteata (R.Vig.) Lowry subsp. bracteata,4,165.010152217,-20.8510959148
141,90072,Garcinia puat,4,165.010152217,-20.8510959148
141,90073,Deplanchea sessilifolia,4,165.010152217,-20.8510959148
142,90074,Homalium deplanchei,4,164.91462,-20.990265
142,90075,Aleurites moluccana,4,164.91462,-20.990265
142,90076,Ficus habrophylla,4,164.91462,-20.990265
142,90077,Baloghia inophylla,4,164.91462,-20.990265
142,90078,Diospyros fasciculosa,4,164.91462,-20.990265
142,90079,Archidendropsis granulosa,4,164.91462,-20.990265
142,90080,Pipturus argenteus,4,164.91462,-20.990265
142,90081,Elattostachys incisa,4,164.91462,-20.990265
142,90082,Elattostachys apetala,4,164.91462,-20.990265
142,90083,Melia azedarach,4,164.91462,-20.990265
142,90084,Fontainea pancheri,4,164.91462,-20.990265
142,90085,Lantana camara,4,164.91462,-20.990265
142,90086,Semecarpus atra,4,164.91462,-20.990265
142,90087,Mimusops elengi,4,164.91462,-20.990265
142,90088,Ficus prolixa,4,164.91462,-20.990265
142,90089,Codiaeum peltatum,4,164.91462,-20.990265
142,90090,Podonephelium cristagalli,4,164.91462,-20.990265
143,90091,Plerandra gabriellae,4,164.90855,-20.981432
143,90092,Elattostachys apetala,4,164.90855,-20.981432
143,90093,Euroschinus obtusifolius,4,164.90855,-20.981432
143,90094,Meryta balansae,4,164.90855,-20.981432
143,90095,Hernandia cordigera,4,164.90855,-20.981432
143,90096,Elaeocarpus angustifolius,4,164.90855,-20.981432
143,90097,Geissois racemosa,4,164.90855,-20.981432
143,90098,Melaleuca quinquenervia,4,164.90855,-20.981432
143,90099,Guioa villosa,4,164.90855,-20.981432
143,90100,Acronychia laevis,4,164.90855,-20.981432
143,90101,Sphaeropteris intermedia,4,164.90855,-20.981432
145,90102,Tabernaemontana cerifera,4,164.3688378017,-20.4381161928
145,90103,Melaleuca quinquenervia,4,164.3688378017,-20.4381161928
145,90104,Acacia spirorbis,4,164.3688378017,-20.4381161928
145,90105,Crossostylis grandiflora,4,164.3688378017,-20.4381161928
145,90106,Geissois racemosa,4,164.3688378017,-20.4381161928
145,90107,Elaeocarpus angustifolius,4,164.3688378017,-20.4381161928
145,90108,Casearia silvana,4,164.3688378017,-20.4381161928
145,90109,Phyllanthus billardierei,4,164.3688378017,-20.4381161928
145,90110,Ficus webbiana,4,164.3688378017,-20.4381161928
145,90111,Ficus habrophylla,4,164.3688378017,-20.4381161928
145,90112,Diospyros,4,164.3688378017,-20.4381161928
145,90113,Acronychia laevis,4,164.3688378017,-20.4381161928
146,90114,Tabernaemontana cerifera,4,164.364932715,-20.4369923472
146,90115,Melaleuca quinquenervia,4,164.364932715,-20.4369923472
146,90116,Acacia spirorbis,4,164.364932715,-20.4369923472
146,90117,Crossostylis grandiflora,4,164.364932715,-20.4369923472
146,90118,Ficus habrophylla,4,164.364932715,-20.4369923472
146,90119,Gymnostoma nodiflorum,4,164.364932715,-20.4369923472
146,90120,Alstonia costata,4,164.364932715,-20.4369923472
146,90121,Freycinetia,4,164.364932715,-20.4369923472
146,90122,Piper insectifugum,4,164.364932715,-20.4369923472
146,90123,Styphelia cymbulae,4,164.364932715,-20.4369923472
146,90124,Tetracera billardierei,4,164.364932715,-20.4369923472
146,90125,Acronychia laevis,4,164.364932715,-20.4369923472
146,90126,Guioa villosa,4,164.364932715,-20.4369923472
146,90127,Diospyros fasciculosa,4,164.364932715,-20.4369923472
146,90128,Elaeocarpus angustifolius,4,164.364932715,-20.4369923472
146,90129,Geissois racemosa,4,164.364932715,-20.4369923472
146,90130,Syzygium lateriflorum,4,164.364932715,-20.4369923472
147,90131,Plerandra gabriellae,30,165.4302265495,-21.5794873238
147,90132,Elaeocarpus angustifolius,30,165.4302265495,-21.5794873238
147,90133,Aleurites moluccana,30,165.4302265495,-21.5794873238
147,90134,Semecarpus atra,30,165.4302265495,-21.5794873238
147,90135,Archidendropsis granulosa,30,165.4302265495,-21.5794873238
147,90136,Ficus habrophylla,30,165.4302265495,-21.5794873238
147,90146,Huberantha nitidissima,30,165.4302265495,-21.5794873238
147,90147,Meryta,30,165.4302265495,-21.5794873238
147,90148,Pycnandra,30,165.4302265495,-21.5794873238
147,90149,Ficus,30,165.4302265495,-21.5794873238
147,90150,Cleidion,30,165.4302265495,-21.5794873238
147,90151,Cordyline,30,165.4302265495,-21.5794873238
148,90137,Archidendropsis granulosa,30,165.4319376312,-21.578977704
148,90138,Plerandra gabriellae,30,165.4319376312,-21.578977704
148,90139,Homalium deplanchei,30,165.4319376312,-21.578977704
148,90140,Podonephelium subaequilaterum,30,165.4319376312,-21.578977704
149,90141,Geissois montana,30,165.4417437874,-21.5821588039
149,90142,Chambeyronia macrocarpa,30,165.4417437874,-21.5821588039
149,90143,Plerandra gabriellae,30,165.4417437874,-21.5821588039
149,90144,Diospyros fasciculosa,30,165.4417437874,-21.5821588039
149,90145,Huberantha nitidissima,30,165.4417437874,-21.5821588039
152,90152,Archidendropsis granulosa,30,165.9791298956,-21.678686142
152,90153,Plerandra gabriellae,30,165.9791298956,-21.678686142
152,90154,Elaeocarpus angustifolius,30,165.9791298956,-21.678686142
152,90155,Pycnandra,30,165.9791298956,-21.678686142
152,90156,Codiaeum peltatum,30,165.9791298956,-21.678686142
152,90157,Meryta,30,165.9791298956,-21.678686142
152,90158,Semecarpus atra,30,165.9791298956,-21.678686142
152,90159,Geissois montana,30,165.9791298956,-21.678686142
152,90160,Ficus,30,165.9791298956,-21.678686142
152,90161,Ficus habrophylla,30,165.9791298956,-21.678686142
152,90163,Oxera robusta,30,165.9791298956,-21.678686142
152,90164,Tapeinosperma,30,165.9791298956,-21.678686142
152,90165,Annonaceae,30,165.9791298956,-21.678686142
152,90171,Fagraea berteroana,30,165.9791298956,-21.678686142
152,90172,Kermadecia sinuata,30,165.9791298956,-21.678686142
152,90173,Dysoxylum rufescens Vieill. ex Pancher & Sebert subsp. rufescens,30,165.9791298956,-21.678686142
152,90174,Parsonsia,30,165.9791298956,-21.678686142
152,90175,Sphaeropteris intermedia,30,165.9791298956,-21.678686142
153,90166,Melaleuca quinquenervia,30,165.9742804617,-21.6758108139
153,90167,Metrosideros laurifolia Brongn. & Gris var. laurifolia,30,165.9742804617,-21.6758108139
153,90168,Fagraea berteroana,30,165.9742804617,-21.6758108139
153,90169,Sapindaceae,30,165.9742804617,-21.6758108139
153,90170,Cryptocarya,30,165.9742804617,-21.6758108139
153,90176,Guioa villosa,30,165.9742804617,-21.6758108139
