inventory_id,taxon_id,taxon_full_name,observer_id,x,y
37,3221,Sparattosyce dioica,30,165.308983,-21.4182167
37,7934,Pycnandra gordoniifolia,30,165.308983,-21.4182167
37,1261,Archidendropsis granulosa,30,165.308983,-21.4182167
37,5608,Hernandia cordigera,30,165.308983,-21.4182167
37,8253,Diospyros macrocarpa,30,165.308983,-21.4182167
37,9875,Pycnandra grandifolia,30,165.308983,-21.4182167
38,1261,Archidendropsis granulosa,30,164.3342355452,-20.5242043734
38,2623,Bischofia javanica,30,164.3342355452,-20.5242043734
38,7541,Semecarpus atra,30,164.3342355452,-20.5242043734
38,7850,Elaeocarpus angustifolius,30,164.3342355452,-20.5242043734
38,5975,Mammea neurophylla,30,164.3342355452,-20.5242043734
38,2212,Aleurites moluccana,30,164.3342355452,-20.5242043734
38,174,Huberantha nitidissima,30,164.3342355452,-20.5242043734
38,9457,Aglaia elaeagnoidea,30,164.3342355452,-20.5242043734
39,1261,Archidendropsis granulosa,30,164.6930561028,-20.7816320658
39,7850,Elaeocarpus angustifolius,30,164.6930561028,-20.7816320658
39,3359,Agathis moorei,30,164.6930561028,-20.7816320658
39,6885,Olea paniculata,30,164.6930561028,-20.7816320658
39,6273,Plerandra gabriellae,30,164.6930561028,-20.7816320658
39,5477,Geissois racemosa,30,164.6930561028,-20.7816320658
39,4998,Ficus habrophylla,30,164.6930561028,-20.7816320658
39,5133,Ficus racemigera,30,164.6930561028,-20.7816320658
39,5128,Ficus prolixa,30,164.6930561028,-20.7816320658
39,2593,Arytera arcuata,30,164.6930561028,-20.7816320658
39,7256,Pisonia artensis,30,164.6930561028,-20.7816320658
39,5404,Plerandra leptophylla,30,164.6930561028,-20.7816320658
39,8225,Cupaniopsis sylvatica,30,164.6930561028,-20.7816320658
41,9540,Mimusops elengi,30,164.3039239012,-20.455416441
41,7859,Elattostachys apetala,30,164.3039239012,-20.455416441
41,6885,Olea paniculata,30,164.3039239012,-20.455416441
41,8046,Cupaniopsis mackeeana,30,164.3039239012,-20.455416441
41,8015,Tabernaemontana cerifera,30,164.3039239012,-20.455416441
41,9781,Planchonella linggensis,30,164.3039239012,-20.455416441
41,9457,Aglaia elaeagnoidea,30,164.3039239012,-20.455416441
41,9526,Guettarda balansaeana,30,164.3039239012,-20.455416441
41,9772,Elaeodendron curtipendulum,30,164.3039239012,-20.455416441
41,1261,Archidendropsis granulosa,30,164.3039239012,-20.455416441
41,3556,Crossostylis grandiflora,30,164.3039239012,-20.455416441
41,7309,Pleurostylia opposita,30,164.3039239012,-20.455416441
41,5093,Fagraea berteroana,30,164.3039239012,-20.455416441
41,2743,Garcinia puat (Montrouz.) Guillaumin var. puat,30,164.3039239012,-20.455416441
41,9845,Cerbera manghas L. var. manghas,30,164.3039239012,-20.455416441
41,9332,Euroschinus obtusifolius Engl. var. obtusifolius,30,164.3039239012,-20.455416441
42,174,Huberantha nitidissima,30,164.303870257,-20.4508030415
42,8581,Ochrosia grandiflora,30,164.303870257,-20.4508030415
42,3564,Cryptocarya elliptica,30,164.303870257,-20.4508030415
42,6273,Plerandra gabriellae,30,164.303870257,-20.4508030415
42,7541,Semecarpus atra,30,164.303870257,-20.4508030415
42,2623,Bischofia javanica,30,164.303870257,-20.4508030415
42,5128,Ficus prolixa,30,164.303870257,-20.4508030415
42,9348,Drypetes deplanchei,30,164.303870257,-20.4508030415
42,7256,Pisonia artensis,30,164.303870257,-20.4508030415
42,5975,Mammea neurophylla,30,164.303870257,-20.4508030415
42,4013,Diospyros fasciculosa,30,164.303870257,-20.4508030415
42,2212,Aleurites moluccana,30,164.303870257,-20.4508030415
43,7981,Pycnandra sarlinii,30,165.1943824254,-21.133902669
43,9836,Dubouzetia elegans Brongn. & Gris var. elegans,30,165.1943824254,-21.133902669
44,5502,Gongrodiscus sufferrugineus,30,165.1925853454,-21.1158138514
44,6273,Plerandra gabriellae,30,165.1925853454,-21.1158138514
44,1261,Archidendropsis granulosa,30,165.1925853454,-21.1158138514
44,5477,Geissois racemosa,30,165.1925853454,-21.1158138514
45,7435,Pycnandra vieillardii,30,165.1921883784,-21.1260277033
45,3359,Agathis moorei,30,165.1921883784,-21.1260277033
47,7936,Pycnandra balansae,30,165.1493902132,-21.1501300335
47,2476,Archidendropsis fulgens,30,165.1493902132,-21.1501300335
47,6273,Plerandra gabriellae,30,165.1493902132,-21.1501300335
48,5799,Ilex sebertii,30,165.5812749825,-21.4841938019
48,6273,Plerandra gabriellae,30,165.5812749825,-21.4841938019
48,3158,Calophyllum caledonicum,30,165.5812749825,-21.4841938019
48,8247,Diospyros flavocarpa,30,165.5812749825,-21.4841938019
48,4032,Diospyros samoensis,30,165.5812749825,-21.4841938019
48,8916,Elaeocarpus yateensis,30,165.5812749825,-21.4841938019
48,2928,Baloghia bureavii,30,165.5812749825,-21.4841938019
48,1261,Archidendropsis granulosa,30,165.5812749825,-21.4841938019
48,3571,Cryptocarya macrodesme,30,165.5812749825,-21.4841938019
48,7658,Syzygium macranthum,30,165.5812749825,-21.4841938019
48,7635,Syzygium baladense,30,165.5812749825,-21.4841938019
48,9805,Myrsine asymmetrica (Mez) Ricketson & Pipoly subsp. asymmetrica,30,165.5812749825,-21.4841938019
48,5456,Gardenia aubryi,30,165.5812749825,-21.4841938019
48,7936,Pycnandra balansae,30,165.5812749825,-21.4841938019
48,5468,Gastrolepis austrocaledonica,30,165.5812749825,-21.4841938019
49,1101,Plerandra veilloniorum,30,164.6839196607,-20.4858970642
49,6273,Plerandra gabriellae,30,164.6839196607,-20.4858970642
49,3359,Agathis moorei,30,164.6839196607,-20.4858970642
49,5360,Garcinia neglecta,30,164.6839196607,-20.4858970642
49,7759,Weinmannia serrata,30,164.6839196607,-20.4858970642
49,8259,Diospyros oubatchensis,30,164.6839196607,-20.4858970642
49,8896,Elaeocarpus bullatus,30,164.6839196607,-20.4858970642
49,8728,Sloanea montana,30,164.6839196607,-20.4858970642
50,174,Huberantha nitidissima,30,164.6732501686,-20.4727220535
50,8015,Tabernaemontana cerifera,30,164.6732501686,-20.4727220535
50,6273,Plerandra gabriellae,30,164.6732501686,-20.4727220535
50,3158,Calophyllum caledonicum,30,164.6732501686,-20.4727220535
50,5475,Geissois montana,30,164.6732501686,-20.4727220535
50,5450,Garcinia pedicellata,30,164.6732501686,-20.4727220535
50,5964,Macaranga corymbosa,30,164.6732501686,-20.4727220535
50,1261,Archidendropsis granulosa,30,164.6732501686,-20.4727220535
50,3564,Cryptocarya elliptica,30,164.6732501686,-20.4727220535
50,6869,Neuburgia novocaledonica,30,164.6732501686,-20.4727220535
50,7848,Dysoxylum bijugum,30,164.6732501686,-20.4727220535
50,9894,Metrosideros laurifolia Brongn. & Gris var. laurifolia,30,164.6732501686,-20.4727220535
51,6728,Melaleuca quinquenervia,30,164.6820689365,-20.4725503922
51,4998,Ficus habrophylla,30,164.6820689365,-20.4725503922
51,4991,Ficus austrocaledonica,30,164.6820689365,-20.4725503922
51,2939,Barringtonia neocaledonica,30,164.6820689365,-20.4725503922
51,9595,Barringtonia integrifolia,30,164.6820689365,-20.4725503922
51,3564,Cryptocarya elliptica,30,164.6820689365,-20.4725503922
51,3561,Cryptocarya aristata,30,164.6820689365,-20.4725503922
51,5093,Fagraea berteroana,30,164.6820689365,-20.4725503922
51,1261,Archidendropsis granulosa,30,164.6820689365,-20.4725503922
51,2528,Archidendropsis fournieri (Vieill.) I.C.Nielsen var. fournieri,30,164.6820689365,-20.4725503922
51,5964,Macaranga corymbosa,30,164.6820689365,-20.4725503922
51,5239,Garcinia amplexicaulis,30,164.6820689365,-20.4725503922
51,5450,Garcinia pedicellata,30,164.6820689365,-20.4725503922
51,9765,Gymnostoma webbianum,30,164.6820689365,-20.4725503922
51,3158,Calophyllum caledonicum,30,164.6820689365,-20.4725503922
51,6273,Plerandra gabriellae,30,164.6820689365,-20.4725503922
51,174,Huberantha nitidissima,30,164.6820689365,-20.4725503922
52,8748,Storthocalyx sordidus,30,165.2401186153,-20.9569787979
52,6273,Plerandra gabriellae,30,165.2401186153,-20.9569787979
52,7658,Syzygium macranthum,30,165.2401186153,-20.9569787979
54,2212,Aleurites moluccana,30,165.2253243886,-21.4760345221
54,5975,Mammea neurophylla,30,165.2253243886,-21.4760345221
54,9358,Casuarina collina,30,165.2253243886,-21.4760345221
54,7541,Semecarpus atra,30,165.2253243886,-21.4760345221
54,4998,Ficus habrophylla,30,165.2253243886,-21.4760345221
54,9631,Syzygium pennelii,30,165.2253243886,-21.4760345221
55,9555,Albizia guillainii,30,165.2266118489,-21.4765495062
55,1733,Arytera chartacea,30,165.2266118489,-21.4765495062
55,4013,Diospyros fasciculosa,30,165.2266118489,-21.4765495062
55,9447,Diospyros pustulata,30,165.2266118489,-21.4765495062
55,8375,Homalium deplanchei,30,165.2266118489,-21.4765495062
55,7256,Pisonia artensis,30,165.2266118489,-21.4765495062
56,5975,Mammea neurophylla,30,165.2344913408,-21.4814043045
56,9623,Syzygium aggregatum,30,165.2344913408,-21.4814043045
56,2212,Aleurites moluccana,30,165.2344913408,-21.4814043045
56,9333,Oxera sulfurea,30,165.2344913408,-21.4814043045
56,9456,Acacia spirorbis,30,165.2344913408,-21.4814043045
56,7256,Pisonia artensis,30,165.2344913408,-21.4814043045
56,4013,Diospyros fasciculosa,30,165.2344913408,-21.4814043045
57,9497,Croton insularis,4,164.9052823707,-21.0000014305
57,4013,Diospyros fasciculosa,4,164.9052823707,-21.0000014305
57,2422,Arthroclianthus,4,164.9052823707,-21.0000014305
57,3329,Claoxylon insulanum,4,164.9052823707,-21.0000014305
57,5489,Acronychia laevis,4,164.9052823707,-21.0000014305
57,8030,Eugenia brongniartiana,4,164.9052823707,-21.0000014305
57,8035,Eugenia gacognei,4,164.9052823707,-21.0000014305
57,2939,Barringtonia neocaledonica,4,164.9052823707,-21.0000014305
57,1733,Arytera chartacea,4,164.9052823707,-21.0000014305
57,4998,Ficus habrophylla,4,164.9052823707,-21.0000014305
58,2150,Pandanus,4,164.9917066656,-21.2246900797
58,2939,Barringtonia neocaledonica,4,164.9917066656,-21.2246900797
58,7658,Syzygium macranthum,4,164.9917066656,-21.2246900797
58,5298,Dysoxylum rufescens Vieill. ex Pancher & Sebert subsp. rufescens,4,164.9917066656,-21.2246900797
58,1938,Hypserpa,4,164.9917066656,-21.2246900797
58,9882,Plerandra pouemboutensis,4,164.9917066656,-21.2246900797
58,1988,Metrosideros,4,164.9917066656,-21.2246900797
58,3158,Calophyllum caledonicum,4,164.9917066656,-21.2246900797
58,5360,Garcinia neglecta,4,164.9917066656,-21.2246900797
58,8750,Syzygium longifolium,4,164.9917066656,-21.2246900797
59,9704,Acropogon jaffrei,4,165.0613654777,-21.2883388996
59,9685,Araucaria columnaris,4,165.0613654777,-21.2883388996
59,3158,Calophyllum caledonicum,4,165.0613654777,-21.2883388996
59,9459,Alphandia furfuracea,4,165.0613654777,-21.2883388996
59,5360,Garcinia neglecta,4,165.0613654777,-21.2883388996
59,9501,Dacrycarpus vieillardii,4,165.0613654777,-21.2883388996
59,5293,Cupaniopsis fruticosa,4,165.0613654777,-21.2883388996
59,9741,Pichonia daenikeri,4,165.0613654777,-21.2883388996
59,7934,Pycnandra gordoniifolia,4,165.0613654777,-21.2883388996
61,7811,Deplanchea speciosa,30,164.4802648947,-20.7897055149
61,7605,Storthocalyx leioneurus,30,164.4802648947,-20.7897055149
61,9892,Oxera baladica,30,164.4802648947,-20.7897055149
61,9573,Terminalia gatopensis,30,164.4802648947,-20.7897055149
62,9735,Podonephelium cristagalli,4,164.9048800394,-20.9988319874
62,2939,Barringtonia neocaledonica,4,164.9048800394,-20.9988319874
62,9540,Mimusops elengi,4,164.9048800394,-20.9988319874
62,4013,Diospyros fasciculosa,4,164.9048800394,-20.9988319874
62,4032,Diospyros samoensis,4,164.9048800394,-20.9988319874
62,7848,Dysoxylum bijugum,4,164.9048800394,-20.9988319874
62,2212,Aleurites moluccana,4,164.9048800394,-20.9988319874
62,6793,Meryta balansae,4,164.9048800394,-20.9988319874
62,2422,Arthroclianthus,4,164.9048800394,-20.9988319874
62,8030,Eugenia brongniartiana,4,164.9048800394,-20.9988319874
62,4386,Celtis conferta,4,164.9048800394,-20.9988319874
62,4792,Dendrocnide peltata,4,164.9048800394,-20.9988319874
62,6694,Storckiella pancheri,4,164.9048800394,-20.9988319874
62,1261,Archidendropsis granulosa,4,164.9048800394,-20.9988319874
62,174,Huberantha nitidissima,4,164.9048800394,-20.9988319874
62,5315,Polyscias bracteata (R.Vig.) Lowry subsp. bracteata,4,164.9048800394,-20.9988319874
62,7541,Semecarpus atra,4,164.9048800394,-20.9988319874
62,2623,Bischofia javanica,4,164.9048800394,-20.9988319874
62,7711,Tetracera billardierei,4,164.9048800394,-20.9988319874
62,6975,Oxera robusta,4,164.9048800394,-20.9988319874
62,2593,Arytera arcuata,4,164.9048800394,-20.9988319874
62,6608,Guioa villosa,4,164.9048800394,-20.9988319874
63,6721,Meiogyne baillonii,4,165.523417,-21.172646
63,5456,Gardenia aubryi,4,165.523417,-21.172646
63,2282,Alstonia lenormandii,4,165.523417,-21.172646
63,7885,Alstonia costata,4,165.523417,-21.172646
63,2263,Alphitonia neocaledonica,4,165.523417,-21.172646
63,3571,Cryptocarya macrodesme,4,165.523417,-21.172646
63,9400,Duboisia myoporoides,4,165.523417,-21.172646
63,5257,Archidendropsis streptocarpa,4,165.523417,-21.172646
63,5961,Macaranga alchorneoides,4,165.523417,-21.172646
63,3221,Sparattosyce dioica,4,165.523417,-21.172646
63,6273,Plerandra gabriellae,4,165.523417,-21.172646
63,9434,Geissois magnifica,4,165.523417,-21.172646
63,5608,Hernandia cordigera,4,165.523417,-21.172646
63,3556,Crossostylis grandiflora,4,165.523417,-21.172646
63,6374,Garcinia puat,4,165.523417,-21.172646
63,5360,Garcinia neglecta,4,165.523417,-21.172646
63,4432,Cleidion vieillardii,4,165.523417,-21.172646
63,6844,Myodocarpus vieillardii,4,165.523417,-21.172646
63,5293,Cupaniopsis fruticosa,4,165.523417,-21.172646
63,4991,Ficus austrocaledonica,4,165.523417,-21.172646
63,6858,Basselinia gracilis,4,165.523417,-21.172646
63,3338,Cleistanthus stipitatus,4,165.523417,-21.172646
64,5478,Geissois trifoliolata,4,164.9238700792,-20.948985815
64,5298,Dysoxylum rufescens Vieill. ex Pancher & Sebert subsp. rufescens,4,164.9238700792,-20.948985815
64,2155,Quintinia,4,164.9238700792,-20.948985815
64,6605,Guioa microsepala,4,164.9238700792,-20.948985815
64,4991,Ficus austrocaledonica,4,164.9238700792,-20.948985815
64,3580,Cryptocarya velutinosa,4,164.9238700792,-20.948985815
64,5662,Hibbertia lucens,4,164.9238700792,-20.948985815
64,8772,Tapeinosperma pancheri,4,164.9238700792,-20.948985815
64,3321,Acropogon schumannianus,4,164.9238700792,-20.948985815
64,5183,Freycinetia arborea,4,164.9238700792,-20.948985815
64,6675,Rauvolfia balansae,4,164.9238700792,-20.948985815
64,6793,Meryta balansae,4,164.9238700792,-20.948985815
64,1851,Myrsine asymmetrica,4,164.9238700792,-20.948985815
64,6816,Austrotaxus spicata,4,164.9238700792,-20.948985815
64,6709,Polyscias bracteata,4,164.9238700792,-20.948985815
65,9685,Araucaria columnaris,30,165.5585865321,-21.4919389486
65,5477,Geissois racemosa,30,165.5585865321,-21.4919389486
65,4998,Ficus habrophylla,30,165.5585865321,-21.4919389486
65,5123,Ficus obliqua,30,165.5585865321,-21.4919389486
65,7850,Elaeocarpus angustifolius,30,165.5585865321,-21.4919389486
65,7859,Elattostachys apetala,30,165.5585865321,-21.4919389486
65,9456,Acacia spirorbis,30,165.5585865321,-21.4919389486
65,2919,Balanops pachyphylla,30,165.5585865321,-21.4919389486
65,7541,Semecarpus atra,30,165.5585865321,-21.4919389486
66,9456,Acacia spirorbis,4,165.976438467,-21.473557251
66,8536,Tristaniopsis guillainii,4,165.976438467,-21.473557251
66,4473,Cloezia artensis,4,165.976438467,-21.473557251
66,9416,Homalium austrocaledonicum,4,165.976438467,-21.473557251
66,9814,Grevillea exul Lindl. subsp. exul,4,165.976438467,-21.473557251
66,9699,Stenocarpus milnei,4,165.976438467,-21.473557251
66,2263,Alphitonia neocaledonica,4,165.976438467,-21.473557251
66,5521,Gymnostoma deplancheanum,4,165.976438467,-21.473557251
67,9416,Homalium austrocaledonicum,4,165.990260895,-21.478747828
67,7604,Storthocalyx chryseus,4,165.990260895,-21.478747828
67,5293,Cupaniopsis fruticosa,4,165.990260895,-21.478747828
67,7577,Soulamea tomentosa,4,165.990260895,-21.478747828
67,6676,Rauvolfia semperflorens,4,165.990260895,-21.478747828
67,5521,Gymnostoma deplancheanum,4,165.990260895,-21.478747828
67,7811,Deplanchea speciosa,4,165.990260895,-21.478747828
67,9739,Pichonia balansae,4,165.990260895,-21.478747828
67,3385,Codia discolor,4,165.990260895,-21.478747828
67,8570,Neisosperma miana,4,165.990260895,-21.478747828
67,7645,Syzygium densiflorum,4,165.990260895,-21.478747828
67,9456,Acacia spirorbis,4,165.990260895,-21.478747828
67,2263,Alphitonia neocaledonica,4,165.990260895,-21.478747828
67,6295,Polyscias bracteata subsp. subincisa,4,165.990260895,-21.478747828
68,4013,Diospyros fasciculosa,4,164.9102738779,-21.0373029113
68,9540,Mimusops elengi,4,164.9102738779,-21.0373029113
68,7848,Dysoxylum bijugum,4,164.9102738779,-21.0373029113
68,9497,Croton insularis,4,164.9102738779,-21.0373029113
68,9353,Cupaniopsis globosa,4,164.9102738779,-21.0373029113
68,9547,Premna serratifolia,4,164.9102738779,-21.0373029113
68,9975,Capparis,4,164.9102738779,-21.0373029113
68,5128,Ficus prolixa,4,164.9102738779,-21.0373029113
69,7850,Elaeocarpus angustifolius,4,165.2077586018,-21.2607067823
69,4013,Diospyros fasciculosa,4,165.2077586018,-21.2607067823
69,2212,Aleurites moluccana,4,165.2077586018,-21.2607067823
69,5477,Geissois racemosa,4,165.2077586018,-21.2607067823
69,1261,Archidendropsis granulosa,4,165.2077586018,-21.2607067823
69,4061,Dysoxylum roseum,4,165.2077586018,-21.2607067823
69,9332,Euroschinus obtusifolius Engl. var. obtusifolius,4,165.2077586018,-21.2607067823
69,7859,Elattostachys apetala,4,165.2077586018,-21.2607067823
69,6374,Garcinia puat,4,165.2077586018,-21.2607067823
69,5489,Acronychia laevis,4,165.2077586018,-21.2607067823
69,5315,Polyscias bracteata (R.Vig.) Lowry subsp. bracteata,4,165.2077586018,-21.2607067823
69,7541,Semecarpus atra,4,165.2077586018,-21.2607067823
69,4998,Ficus habrophylla,4,165.2077586018,-21.2607067823
69,6885,Olea paniculata,4,165.2077586018,-21.2607067823
69,8030,Eugenia brongniartiana,4,165.2077586018,-21.2607067823
69,3390,Codiaeum peltatum,4,165.2077586018,-21.2607067823
69,9882,Plerandra pouemboutensis,4,165.2077586018,-21.2607067823
69,6273,Plerandra gabriellae,4,165.2077586018,-21.2607067823
69,9385,Ficus virgata,4,165.2077586018,-21.2607067823
69,5093,Fagraea berteroana,4,165.2077586018,-21.2607067823
69,6793,Meryta balansae,4,165.2077586018,-21.2607067823
70,7723,Trema cannabina,4,165.2041107975,-21.2694239616
70,9456,Acacia spirorbis,4,165.2041107975,-21.2694239616
70,7541,Semecarpus atra,4,165.2041107975,-21.2694239616
70,4013,Diospyros fasciculosa,4,165.2041107975,-21.2694239616
70,7859,Elattostachys apetala,4,165.2041107975,-21.2694239616
70,6221,Albizia saman,4,165.2041107975,-21.2694239616
70,9492,Commersonia bartramia,4,165.2041107975,-21.2694239616
71,7541,Semecarpus atra,4,165.2047987422,-21.2754803896
71,1261,Archidendropsis granulosa,4,165.2047987422,-21.2754803896
71,6694,Storckiella pancheri,4,165.2047987422,-21.2754803896
71,2212,Aleurites moluccana,4,165.2047987422,-21.2754803896
71,7859,Elattostachys apetala,4,165.2047987422,-21.2754803896
71,3302,Symplocos montana var. tortuosa,4,165.2047987422,-21.2754803896
71,6885,Olea paniculata,4,165.2047987422,-21.2754803896
71,5315,Polyscias bracteata (R.Vig.) Lowry subsp. bracteata,4,165.2047987422,-21.2754803896
71,3390,Codiaeum peltatum,4,165.2047987422,-21.2754803896
71,4013,Diospyros fasciculosa,4,165.2047987422,-21.2754803896
71,8225,Cupaniopsis sylvatica,4,165.2047987422,-21.2754803896
72,9546,Semecarpus poyaensis,4,165.239264,-21.357613
72,7771,Xylopia pancheri,4,165.239264,-21.357613
72,5293,Cupaniopsis fruticosa,4,165.239264,-21.357613
72,9387,Archidendropsis paivana,4,165.239264,-21.357613
72,5072,Erythroxylum novocaledonicum,4,165.239264,-21.357613
72,2588,Cerberiopsis candelabra Vieill. var. candelabra,4,165.239264,-21.357613
72,9359,Codia nitida,4,165.239264,-21.357613
72,6509,Maxwellia lepidota,4,165.239264,-21.357613
72,6155,Acridocarpus austrocaledonicus,4,165.239264,-21.357613
72,5360,Garcinia neglecta,4,165.239264,-21.357613
72,9456,Acacia spirorbis,4,165.239264,-21.357613
72,5922,Beauprea,4,165.239264,-21.357613
72,6694,Storckiella pancheri,4,165.239264,-21.357613
72,8375,Homalium deplanchei,4,165.239264,-21.357613
72,9573,Terminalia gatopensis,4,165.239264,-21.357613
72,7613,Styphelia cymbulae,4,165.239264,-21.357613
72,9956,Psydrax,4,165.239264,-21.357613
72,9775,Hunga mackeeana,4,165.239264,-21.357613
72,9870,Pycnandra filipes,4,165.239264,-21.357613
72,9791,Pleioluma crebrifolia,4,165.239264,-21.357613
72,9749,Pycnandra kaalaensis,4,165.239264,-21.357613
73,3158,Calophyllum caledonicum,4,165.240654,-21.357905
73,8015,Tabernaemontana cerifera,4,165.240654,-21.357905
73,2212,Aleurites moluccana,4,165.240654,-21.357905
73,6387,Geissois pruinosa,4,165.240654,-21.357905
73,9763,Gymnostoma chamaecyparis,4,165.240654,-21.357905
73,9546,Semecarpus poyaensis,4,165.240654,-21.357905
73,4432,Cleidion vieillardii,4,165.240654,-21.357905
73,9387,Archidendropsis paivana,4,165.240654,-21.357905
73,5298,Dysoxylum rufescens Vieill. ex Pancher & Sebert subsp. rufescens,4,165.240654,-21.357905
73,6509,Maxwellia lepidota,4,165.240654,-21.357905
73,7604,Storthocalyx chryseus,4,165.240654,-21.357905
73,3572,Cryptocarya odorata,4,165.240654,-21.357905
74,7541,Semecarpus atra,4,165.1849759184,-21.3396817446
74,2939,Barringtonia neocaledonica,4,165.1849759184,-21.3396817446
74,4013,Diospyros fasciculosa,4,165.1849759184,-21.3396817446
74,5360,Garcinia neglecta,4,165.1849759184,-21.3396817446
74,9329,Solanum mauritianum,4,165.1849759184,-21.3396817446
74,9345,Cupaniopsis trigonocarpa,4,165.1849759184,-21.3396817446
75,7435,Pycnandra vieillardii,4,165.197125,-20.875905
75,7772,Xylopia vieillardii,4,165.197125,-20.875905
75,7936,Pycnandra balansae,4,165.197125,-20.875905
75,6842,Myodocarpus pinnatus,4,165.197125,-20.875905
75,3564,Cryptocarya elliptica,4,165.197125,-20.875905
75,7541,Semecarpus atra,4,165.197125,-20.875905
75,3402,Comptonella drupacea,4,165.197125,-20.875905
75,6869,Neuburgia novocaledonica,4,165.197125,-20.875905
75,3556,Crossostylis grandiflora,4,165.197125,-20.875905
75,2588,Cerberiopsis candelabra Vieill. var. candelabra,4,165.197125,-20.875905
75,3994,Dicarpellum baillonianum,4,165.197125,-20.875905
75,1808,Myrsine citrifolia,4,165.197125,-20.875905
75,8038,Eugenia mouensis,4,165.197125,-20.875905
75,5564,Hedycarya cupulata,4,165.197125,-20.875905
75,9886,Storthocalyx corymbosus,4,165.197125,-20.875905
75,6601,Antirhea wagapensis,4,165.197125,-20.875905
75,7287,Burretiokentia vieillardii,4,165.197125,-20.875905
75,6858,Basselinia gracilis,4,165.197125,-20.875905
75,7690,Syzygium wagapense,4,165.197125,-20.875905
75,9358,Casuarina collina,4,165.197125,-20.875905
75,3321,Acropogon schumannianus,4,165.197125,-20.875905
75,4998,Ficus habrophylla,4,165.197125,-20.875905
75,8253,Diospyros macrocarpa,4,165.197125,-20.875905
75,7685,Syzygium toninense,4,165.197125,-20.875905
75,7245,Piliocalyx bullatus,4,165.197125,-20.875905
75,7508,Schefflera candelabrum,4,165.197125,-20.875905
76,6995,Pancheria gatopensis,4,165.199697,-20.874919
76,9585,Deplanchea sessilifolia,4,165.199697,-20.874919
76,9763,Gymnostoma chamaecyparis,4,165.199697,-20.874919
76,2852,Austrobuxus carunculatus,4,165.199697,-20.874919
76,5473,Geissois hirsuta,4,165.199697,-20.874919
76,4473,Cloezia artensis,4,165.199697,-20.874919
76,2588,Cerberiopsis candelabra Vieill. var. candelabra,4,165.199697,-20.874919
76,9358,Casuarina collina,4,165.199697,-20.874919
76,5662,Hibbertia lucens,4,165.199697,-20.874919
76,2263,Alphitonia neocaledonica,4,165.199697,-20.874919
76,4991,Ficus austrocaledonica,4,165.199697,-20.874919
77,3556,Crossostylis grandiflora,4,165.349013,-20.946956
77,174,Huberantha nitidissima,4,165.349013,-20.946956
77,3390,Codiaeum peltatum,4,165.349013,-20.946956
77,9385,Ficus virgata,4,165.349013,-20.946956
77,3338,Cleistanthus stipitatus,4,165.349013,-20.946956
77,5755,Hugonia jenkinsii,4,165.349013,-20.946956
77,7249,Piliocalyx wagapensis,4,165.349013,-20.946956
77,6374,Garcinia puat,4,165.349013,-20.946956
77,9595,Barringtonia integrifolia,4,165.349013,-20.946956
77,5964,Macaranga corymbosa,4,165.349013,-20.946956
77,2694,Phyllanthus billardierei,4,165.349013,-20.946956
77,5608,Hernandia cordigera,4,165.349013,-20.946956
77,9488,Cerbera manghas,4,165.349013,-20.946956
77,6273,Plerandra gabriellae,4,165.349013,-20.946956
77,2212,Aleurites moluccana,4,165.349013,-20.946956
77,5477,Geissois racemosa,4,165.349013,-20.946956
77,6483,Antirhea baladensis,4,165.349013,-20.946956
77,5315,Polyscias bracteata (R.Vig.) Lowry subsp. bracteata,4,165.349013,-20.946956
77,4032,Diospyros samoensis,4,165.349013,-20.946956
77,7859,Elattostachys apetala,4,165.349013,-20.946956
77,7885,Alstonia costata,4,165.349013,-20.946956
77,5564,Hedycarya cupulata,4,165.349013,-20.946956
77,3329,Claoxylon insulanum,4,165.349013,-20.946956
78,9890,Pycnandra poindimiensis,4,165.3527,-20.94486
78,6694,Storckiella pancheri,4,165.3527,-20.94486
78,3556,Crossostylis grandiflora,4,165.3527,-20.94486
78,7541,Semecarpus atra,4,165.3527,-20.94486
78,8261,Diospyros parviflora,4,165.3527,-20.94486
78,2852,Austrobuxus carunculatus,4,165.3527,-20.94486
78,6374,Garcinia puat,4,165.3527,-20.94486
78,3402,Comptonella drupacea,4,165.3527,-20.94486
78,6858,Basselinia gracilis,4,165.3527,-20.94486
78,9806,Archidendropsis paivana subsp. balansae,4,165.3527,-20.94486
78,5564,Hedycarya cupulata,4,165.3527,-20.94486
78,3931,Delarbrea harmsii,4,165.3527,-20.94486
78,9385,Ficus virgata,4,165.3527,-20.94486
78,7885,Alstonia costata,4,165.3527,-20.94486
78,9492,Commersonia bartramia,4,165.3527,-20.94486
78,5183,Freycinetia arborea,4,165.3527,-20.94486
78,4998,Ficus habrophylla,4,165.3527,-20.94486
78,5093,Fagraea berteroana,4,165.3527,-20.94486
78,7621,Symplocos arborea,4,165.3527,-20.94486
78,2694,Phyllanthus billardierei,4,165.3527,-20.94486
78,9488,Cerbera manghas,4,165.3527,-20.94486
78,7850,Elaeocarpus angustifolius,4,165.3527,-20.94486
78,3338,Cleistanthus stipitatus,4,165.3527,-20.94486
79,7859,Elattostachys apetala,4,165.3601983469,-21.329677105
79,6273,Plerandra gabriellae,4,165.3601983469,-21.329677105
79,6885,Olea paniculata,4,165.3601983469,-21.329677105
79,5123,Ficus obliqua,4,165.3601983469,-21.329677105
79,6694,Storckiella pancheri,4,165.3601983469,-21.329677105
79,4998,Ficus habrophylla,4,165.3601983469,-21.329677105
79,2150,Pandanus,4,165.3601983469,-21.329677105
79,2193,Agatea rufotomentosa,4,165.3601983469,-21.329677105
79,7541,Semecarpus atra,4,165.3601983469,-21.329677105
79,8053,Cupaniopsis petiolulata,4,165.3601983469,-21.329677105
79,9358,Casuarina collina,4,165.3601983469,-21.329677105
79,3564,Cryptocarya elliptica,4,165.3601983469,-21.329677105
79,6374,Garcinia puat,4,165.3601983469,-21.329677105
79,4013,Diospyros fasciculosa,4,165.3601983469,-21.329677105
80,8783,Tapeinosperma wagapense,4,165.374775,-21.332625
80,5565,Hedycarya engleriana,4,165.374775,-21.332625
80,8015,Tabernaemontana cerifera,4,165.374775,-21.332625
80,5093,Fagraea berteroana,4,165.374775,-21.332625
80,3556,Crossostylis grandiflora,4,165.374775,-21.332625
80,6374,Garcinia puat,4,165.374775,-21.332625
80,7599,Chambeyronia macrocarpa,4,165.374775,-21.332625
80,9119,Dicksonia thyrsopteroides,4,165.374775,-21.332625
80,6793,Meryta balansae,4,165.374775,-21.332625
80,6728,Melaleuca quinquenervia,4,165.374775,-21.332625
80,6273,Plerandra gabriellae,4,165.374775,-21.332625
80,5477,Geissois racemosa,4,165.374775,-21.332625
80,8253,Diospyros macrocarpa,4,165.374775,-21.332625
80,8225,Cupaniopsis sylvatica,4,165.374775,-21.332625
80,7917,Spiraeanthemum densiflorum,4,165.374775,-21.332625
80,6608,Guioa villosa,4,165.374775,-21.332625
80,2623,Bischofia javanica,4,165.374775,-21.332625
80,5133,Ficus racemigera,4,165.374775,-21.332625
80,4998,Ficus habrophylla,4,165.374775,-21.332625
80,2694,Phyllanthus billardierei,4,165.374775,-21.332625
80,9629,Syzygium lateriflorum,4,165.374775,-21.332625
80,5489,Acronychia laevis,4,165.374775,-21.332625
80,6606,Guioa ovalis,4,165.374775,-21.332625
80,6975,Oxera robusta,4,165.374775,-21.332625
80,7541,Semecarpus atra,4,165.374775,-21.332625
81,9488,Cerbera manghas,21,165.095687,-21.352837
81,3390,Codiaeum peltatum,21,165.095687,-21.352837
81,5128,Ficus prolixa,21,165.095687,-21.352837
81,9709,Gardenia urvillei,21,165.095687,-21.352837
81,9540,Mimusops elengi,21,165.095687,-21.352837
81,7541,Semecarpus atra,21,165.095687,-21.352837
81,2694,Phyllanthus billardierei,21,165.095687,-21.352837
81,9547,Premna serratifolia,21,165.095687,-21.352837
81,9723,Arytera collina,21,165.095687,-21.352837
81,3338,Cleistanthus stipitatus,21,165.095687,-21.352837
81,7848,Dysoxylum bijugum,21,165.095687,-21.352837
81,8375,Homalium deplanchei,21,165.095687,-21.352837
81,9815,Denhamia fournieri (Pancher & Sebert) M.P.Simmons subsp. fournieri,21,165.095687,-21.352837
81,7256,Pisonia artensis,21,165.095687,-21.352837
81,9566,Streblus pendulinus,21,165.095687,-21.352837
82,2593,Arytera arcuata,21,165.056937,-21.353373
82,9723,Arytera collina,21,165.056937,-21.353373
82,3390,Codiaeum peltatum,21,165.056937,-21.353373
82,9345,Cupaniopsis trigonocarpa,21,165.056937,-21.353373
82,9709,Gardenia urvillei,21,165.056937,-21.353373
82,5975,Mammea neurophylla,21,165.056937,-21.353373
82,7256,Pisonia artensis,21,165.056937,-21.353373
82,7541,Semecarpus atra,21,165.056937,-21.353373
83,9734,Guioa gracilis,21,165.065026,-21.366179
83,9547,Premna serratifolia,21,165.065026,-21.366179
83,9549,Psydrax odorata,21,165.065026,-21.366179
84,3447,Celtis,21,165.089928,-21.369797
84,4013,Diospyros fasciculosa,21,165.089928,-21.369797
84,2694,Phyllanthus billardierei,21,165.089928,-21.369797
84,9734,Guioa gracilis,21,165.089928,-21.369797
84,9550,Dallachya vitiensis,21,165.089928,-21.369797
85,5489,Acronychia laevis,21,165.061506,-21.315749
85,2268,Alstonia balansae,21,165.061506,-21.315749
85,2593,Arytera arcuata,21,165.061506,-21.315749
85,9358,Casuarina collina,21,165.061506,-21.315749
85,9445,Diospyros minimifolia,21,165.061506,-21.315749
85,9709,Gardenia urvillei,21,165.061506,-21.315749
85,2694,Phyllanthus billardierei,21,165.061506,-21.315749
85,6728,Melaleuca quinquenervia,21,165.061506,-21.315749
85,174,Huberantha nitidissima,21,165.061506,-21.315749
85,9550,Dallachya vitiensis,21,165.061506,-21.315749
85,7541,Semecarpus atra,21,165.061506,-21.315749
86,2263,Alphitonia neocaledonica,21,165.006885,-21.297049
86,2268,Alstonia balansae,21,165.006885,-21.297049
86,2852,Austrobuxus carunculatus,21,165.006885,-21.297049
86,3228,Casearia silvana,21,165.006885,-21.297049
86,4473,Cloezia artensis,21,165.006885,-21.297049
86,5072,Erythroxylum novocaledonicum,21,165.006885,-21.297049
86,8035,Eugenia gacognei,21,165.006885,-21.297049
86,9709,Gardenia urvillei,21,165.006885,-21.297049
86,9734,Guioa gracilis,21,165.006885,-21.297049
86,2703,Halfordia kendack,21,165.006885,-21.297049
86,8375,Homalium deplanchei,21,165.006885,-21.297049
86,9815,Denhamia fournieri (Pancher & Sebert) M.P.Simmons subsp. fournieri,21,165.006885,-21.297049
86,6654,Osmanthus austrocaledonicus,21,165.006885,-21.297049
86,8015,Tabernaemontana cerifera,21,165.006885,-21.297049
86,9547,Premna serratifolia,21,165.006885,-21.297049
86,9549,Psydrax odorata,21,165.006885,-21.297049
86,6676,Rauvolfia semperflorens,21,165.006885,-21.297049
86,7613,Styphelia cymbulae,21,165.006885,-21.297049
87,2268,Alstonia balansae,21,165.01393,-21.301951
87,2422,Arthroclianthus,21,165.01393,-21.301951
87,2593,Arytera arcuata,21,165.01393,-21.301951
87,3228,Casearia silvana,21,165.01393,-21.301951
87,9358,Casuarina collina,21,165.01393,-21.301951
87,9488,Cerbera manghas,21,165.01393,-21.301951
87,3338,Cleistanthus stipitatus,21,165.01393,-21.301951
87,3390,Codiaeum peltatum,21,165.01393,-21.301951
87,9345,Cupaniopsis trigonocarpa,21,165.01393,-21.301951
87,9500,Cynometra ramiflora,21,165.01393,-21.301951
87,4013,Diospyros fasciculosa,21,165.01393,-21.301951
87,9445,Diospyros minimifolia,21,165.01393,-21.301951
87,4032,Diospyros samoensis,21,165.01393,-21.301951
87,7848,Dysoxylum bijugum,21,165.01393,-21.301951
87,8035,Eugenia gacognei,21,165.01393,-21.301951
87,9523,Fontainea pancheri,21,165.01393,-21.301951
87,9709,Gardenia urvillei,21,165.01393,-21.301951
87,2694,Phyllanthus billardierei,21,165.01393,-21.301951
87,9734,Guioa gracilis,21,165.01393,-21.301951
87,9539,Micromelum minutum,21,165.01393,-21.301951
87,9540,Mimusops elengi,21,165.01393,-21.301951
87,7309,Pleurostylia opposita,21,165.01393,-21.301951
87,9736,Podonephelium davidsonii,21,165.01393,-21.301951
87,9547,Premna serratifolia,21,165.01393,-21.301951
87,9549,Psydrax odorata,21,165.01393,-21.301951
87,9550,Dallachya vitiensis,21,165.01393,-21.301951
88,9455,Acacia simplex,21,164.942395,-21.286071
88,9456,Acacia spirorbis,21,164.942395,-21.286071
88,2268,Alstonia balansae,21,164.942395,-21.286071
88,2593,Arytera arcuata,21,164.942395,-21.286071
88,9723,Arytera collina,21,164.942395,-21.286071
88,3228,Casearia silvana,21,164.942395,-21.286071
88,9358,Casuarina collina,21,164.942395,-21.286071
88,4386,Celtis conferta,21,164.942395,-21.286071
88,9488,Cerbera manghas,21,164.942395,-21.286071
88,3338,Cleistanthus stipitatus,21,164.942395,-21.286071
88,9497,Croton insularis,21,164.942395,-21.286071
88,4013,Diospyros fasciculosa,21,164.942395,-21.286071
88,9445,Diospyros minimifolia,21,164.942395,-21.286071
88,7848,Dysoxylum bijugum,21,164.942395,-21.286071
88,5072,Erythroxylum novocaledonicum,21,164.942395,-21.286071
88,9523,Fontainea pancheri,21,164.942395,-21.286071
88,9709,Gardenia urvillei,21,164.942395,-21.286071
88,6964,Geijera,21,164.942395,-21.286071
88,5773,Hybanthus caledonicus,21,164.942395,-21.286071
88,9870,Pycnandra filipes,21,164.942395,-21.286071
88,9540,Mimusops elengi,21,164.942395,-21.286071
88,9777,Planchonella cinerea,21,164.942395,-21.286071
88,7309,Pleurostylia opposita,21,164.942395,-21.286071
88,9547,Premna serratifolia,21,164.942395,-21.286071
88,6676,Rauvolfia semperflorens,21,164.942395,-21.286071
88,9550,Dallachya vitiensis,21,164.942395,-21.286071
88,9898,Santalum austrocaledonicum,21,164.942395,-21.286071
89,5489,Acronychia laevis,21,164.446196,-20.287297
89,9457,Aglaia elaeagnoidea,21,164.446196,-20.287297
89,2422,Arthroclianthus,21,164.446196,-20.287297
89,3031,Atractocarpus,21,164.446196,-20.287297
89,1880,Barringtonia,21,164.446196,-20.287297
89,3158,Calophyllum caledonicum,21,164.446196,-20.287297
89,9488,Cerbera manghas,21,164.446196,-20.287297
89,3338,Cleistanthus stipitatus,21,164.446196,-20.287297
89,3390,Codiaeum peltatum,21,164.446196,-20.287297
89,3556,Crossostylis grandiflora,21,164.446196,-20.287297
89,9497,Croton insularis,21,164.446196,-20.287297
89,9971,Cyphophoenix elegans,21,164.446196,-20.287297
89,4013,Diospyros fasciculosa,21,164.446196,-20.287297
89,9452,Elaeocarpus rotundifolius,21,164.446196,-20.287297
89,7859,Elattostachys apetala,21,164.446196,-20.287297
89,4998,Ficus habrophylla,21,164.446196,-20.287297
89,9709,Gardenia urvillei,21,164.446196,-20.287297
89,5477,Geissois racemosa,21,164.446196,-20.287297
89,6728,Melaleuca quinquenervia,21,164.446196,-20.287297
89,8015,Tabernaemontana cerifera,21,164.446196,-20.287297
89,7309,Pleurostylia opposita,21,164.446196,-20.287297
89,174,Huberantha nitidissima,21,164.446196,-20.287297
89,7541,Semecarpus atra,21,164.446196,-20.287297
89,9623,Syzygium aggregatum,21,164.446196,-20.287297
90,9456,Acacia spirorbis,21,164.455761,-20.285779
90,5489,Acronychia laevis,21,164.455761,-20.285779
90,9457,Aglaia elaeagnoidea,21,164.455761,-20.285779
90,3031,Atractocarpus,21,164.455761,-20.285779
90,1384,Alstonia,21,164.455761,-20.285779
90,9488,Cerbera manghas,21,164.455761,-20.285779
90,2705,Cleidion vieillardii Baill. var. vieillardii,21,164.455761,-20.285779
90,3338,Cleistanthus stipitatus,21,164.455761,-20.285779
90,4473,Cloezia artensis,21,164.455761,-20.285779
90,3390,Codiaeum peltatum,21,164.455761,-20.285779
90,9497,Croton insularis,21,164.455761,-20.285779
90,1970,Delarbrea,21,164.455761,-20.285779
90,4013,Diospyros fasciculosa,21,164.455761,-20.285779
90,8261,Diospyros parviflora,21,164.455761,-20.285779
90,7859,Elattostachys apetala,21,164.455761,-20.285779
90,8035,Eugenia gacognei,21,164.455761,-20.285779
90,4998,Ficus habrophylla,21,164.455761,-20.285779
90,5450,Garcinia pedicellata,21,164.455761,-20.285779
90,9709,Gardenia urvillei,21,164.455761,-20.285779
90,2694,Phyllanthus billardierei,21,164.455761,-20.285779
90,7183,Hunga,21,164.455761,-20.285779
90,6622,Ixora cauliflora,21,164.455761,-20.285779
90,6623,Ixora collina,21,164.455761,-20.285779
90,9872,Ixora opuloides,21,164.455761,-20.285779
90,3426,Lethedon,21,164.455761,-20.285779
90,5949,Denhamia fournieri,21,164.455761,-20.285779
90,1467,Meryta,21,164.455761,-20.285779
90,9540,Mimusops elengi,21,164.455761,-20.285779
90,9542,Ormocarpum orientale,21,164.455761,-20.285779
90,7309,Pleurostylia opposita,21,164.455761,-20.285779
90,174,Huberantha nitidissima,21,164.455761,-20.285779
90,9547,Premna serratifolia,21,164.455761,-20.285779
90,7541,Semecarpus atra,21,164.455761,-20.285779
90,392,Storckiella,21,164.455761,-20.285779
91,9455,Acacia simplex,21,166.011448,-21.97927
91,6221,Albizia saman,21,166.011448,-21.97927
91,9458,Alectryon carinatum,21,166.011448,-21.97927
91,1733,Arytera chartacea,21,166.011448,-21.97927
91,9723,Arytera collina,21,166.011448,-21.97927
91,3228,Casearia silvana,21,166.011448,-21.97927
91,4473,Cloezia artensis,21,166.011448,-21.97927
91,9497,Croton insularis,21,166.011448,-21.97927
91,9447,Diospyros pustulata,21,166.011448,-21.97927
91,9348,Drypetes deplanchei,21,166.011448,-21.97927
91,7848,Dysoxylum bijugum,21,166.011448,-21.97927
91,8035,Eugenia gacognei,21,166.011448,-21.97927
91,1180,Euroschinus,21,166.011448,-21.97927
91,9519,Excoecaria agallocha,21,166.011448,-21.97927
91,9523,Fontainea pancheri,21,166.011448,-21.97927
91,9527,Guettarda speciosa,21,166.011448,-21.97927
91,9588,Hernandia nymphaeifolia,21,166.011448,-21.97927
91,8375,Homalium deplanchei,21,166.011448,-21.97927
91,9885,Pycnandra sclerophylla,21,166.011448,-21.97927
91,9782,Planchonella luteocostata,21,166.011448,-21.97927
91,9547,Premna serratifolia,21,166.011448,-21.97927
91,9549,Psydrax odorata,21,166.011448,-21.97927
91,7541,Semecarpus atra,21,166.011448,-21.97927
92,9456,Acacia spirorbis,21,165.077224,-21.321421
92,5489,Acronychia laevis,21,165.077224,-21.321421
92,9704,Acropogon jaffrei,21,165.077224,-21.321421
92,2212,Aleurites moluccana,21,165.077224,-21.321421
92,2268,Alstonia balansae,21,165.077224,-21.321421
92,2932,Baloghia inophylla,21,165.077224,-21.321421
92,3158,Calophyllum caledonicum,21,165.077224,-21.321421
92,9344,Casearia deplanchei,21,165.077224,-21.321421
92,9488,Cerbera manghas,21,165.077224,-21.321421
92,3338,Cleistanthus stipitatus,21,165.077224,-21.321421
92,4473,Cloezia artensis,21,165.077224,-21.321421
92,3390,Codiaeum peltatum,21,165.077224,-21.321421
92,9497,Croton insularis,21,165.077224,-21.321421
92,4013,Diospyros fasciculosa,21,165.077224,-21.321421
92,9445,Diospyros minimifolia,21,165.077224,-21.321421
92,4032,Diospyros samoensis,21,165.077224,-21.321421
92,7848,Dysoxylum bijugum,21,165.077224,-21.321421
92,4998,Ficus habrophylla,21,165.077224,-21.321421
92,9523,Fontainea pancheri,21,165.077224,-21.321421
92,5325,Garcinia densiflora,21,165.077224,-21.321421
92,9709,Gardenia urvillei,21,165.077224,-21.321421
92,5469,Geijera balansae,21,165.077224,-21.321421
92,6622,Ixora cauliflora,21,165.077224,-21.321421
92,9576,Meryta denhamii,21,165.077224,-21.321421
92,9540,Mimusops elengi,21,165.077224,-21.321421
92,9718,Picrella trifoliata,21,165.077224,-21.321421
92,7256,Pisonia artensis,21,165.077224,-21.321421
92,7271,Pittosporum gracile,21,165.077224,-21.321421
92,7309,Pleurostylia opposita,21,165.077224,-21.321421
92,174,Huberantha nitidissima,21,165.077224,-21.321421
92,9547,Premna serratifolia,21,165.077224,-21.321421
92,9549,Psydrax odorata,21,165.077224,-21.321421
92,6676,Rauvolfia semperflorens,21,165.077224,-21.321421
92,7496,Sarcomelicope leiocarpa,21,165.077224,-21.321421
92,5983,Plerandra veitchii,21,165.077224,-21.321421
92,8533,Stenocarpus trinervis,21,165.077224,-21.321421
92,6694,Storckiella pancheri,21,165.077224,-21.321421
93,5489,Acronychia laevis,21,165.077224,-21.321421
93,9458,Alectryon carinatum,21,165.077224,-21.321421
93,2268,Alstonia balansae,21,165.077224,-21.321421
93,2403,Antirhea rhamnoides,21,165.077224,-21.321421
93,1733,Arytera chartacea,21,165.077224,-21.321421
93,9723,Arytera collina,21,165.077224,-21.321421
93,9488,Cerbera manghas,21,165.077224,-21.321421
93,3338,Cleistanthus stipitatus,21,165.077224,-21.321421
93,3390,Codiaeum peltatum,21,165.077224,-21.321421
93,9494,Cordia subcordata,21,165.077224,-21.321421
93,9497,Croton insularis,21,165.077224,-21.321421
93,3572,Cryptocarya odorata,21,165.077224,-21.321421
93,4013,Diospyros fasciculosa,21,165.077224,-21.321421
93,9348,Drypetes deplanchei,21,165.077224,-21.321421
93,7848,Dysoxylum bijugum,21,165.077224,-21.321421
93,7859,Elattostachys apetala,21,165.077224,-21.321421
93,5072,Erythroxylum novocaledonicum,21,165.077224,-21.321421
93,8035,Eugenia gacognei,21,165.077224,-21.321421
93,9523,Fontainea pancheri,21,165.077224,-21.321421
93,5450,Garcinia pedicellata,21,165.077224,-21.321421
93,2694,Phyllanthus billardierei,21,165.077224,-21.321421
93,9531,Heritiera littoralis,21,165.077224,-21.321421
93,6622,Ixora cauliflora,21,165.077224,-21.321421
93,9872,Ixora opuloides,21,165.077224,-21.321421
93,5949,Denhamia fournieri,21,165.077224,-21.321421
93,9576,Meryta denhamii,21,165.077224,-21.321421
93,9712,Morinda citrifolia,21,165.077224,-21.321421
93,9542,Ormocarpum orientale,21,165.077224,-21.321421
93,6654,Osmanthus austrocaledonicus,21,165.077224,-21.321421
93,8015,Tabernaemontana cerifera,21,165.077224,-21.321421
93,174,Huberantha nitidissima,21,165.077224,-21.321421
93,9547,Premna serratifolia,21,165.077224,-21.321421
93,1851,Myrsine asymmetrica,21,165.077224,-21.321421
93,9550,Dallachya vitiensis,21,165.077224,-21.321421
93,9898,Santalum austrocaledonicum,21,165.077224,-21.321421
93,9883,Polyscias nothisii,21,165.077224,-21.321421
93,7496,Sarcomelicope leiocarpa,21,165.077224,-21.321421
93,7541,Semecarpus atra,21,165.077224,-21.321421
93,9699,Stenocarpus milnei,21,165.077224,-21.321421
93,9574,Terminalia novocaledonica,21,165.077224,-21.321421
93,9582,Xylocarpus granatum,21,165.077224,-21.321421
94,9456,Acacia spirorbis,21,164.949635379,-21.2943685055
94,9458,Alectryon carinatum,21,164.949635379,-21.2943685055
94,3228,Casearia silvana,21,164.949635379,-21.2943685055
94,4013,Diospyros fasciculosa,21,164.949635379,-21.2943685055
94,9445,Diospyros minimifolia,21,164.949635379,-21.2943685055
94,9348,Drypetes deplanchei,21,164.949635379,-21.2943685055
94,7848,Dysoxylum bijugum,21,164.949635379,-21.2943685055
94,5072,Erythroxylum novocaledonicum,21,164.949635379,-21.2943685055
94,9523,Fontainea pancheri,21,164.949635379,-21.2943685055
94,9709,Gardenia urvillei,21,164.949635379,-21.2943685055
94,9734,Guioa gracilis,21,164.949635379,-21.2943685055
94,9540,Mimusops elengi,21,164.949635379,-21.2943685055
94,9569,Ochrosia elliptica,21,164.949635379,-21.2943685055
94,9777,Planchonella cinerea,21,164.949635379,-21.2943685055
94,7309,Pleurostylia opposita,21,164.949635379,-21.2943685055
94,9549,Psydrax odorata,21,164.949635379,-21.2943685055
94,9898,Santalum austrocaledonicum,21,164.949635379,-21.2943685055
94,7496,Sarcomelicope leiocarpa,21,164.949635379,-21.2943685055
95,9458,Alectryon carinatum,21,164.961621,-21.344843
95,2268,Alstonia balansae,21,164.961621,-21.344843
95,9723,Arytera collina,21,164.961621,-21.344843
95,9344,Casearia deplanchei,21,164.961621,-21.344843
95,4013,Diospyros fasciculosa,21,164.961621,-21.344843
95,9348,Drypetes deplanchei,21,164.961621,-21.344843
95,7848,Dysoxylum bijugum,21,164.961621,-21.344843
95,9523,Fontainea pancheri,21,164.961621,-21.344843
95,9709,Gardenia urvillei,21,164.961621,-21.344843
95,9734,Guioa gracilis,21,164.961621,-21.344843
95,5949,Denhamia fournieri,21,164.961621,-21.344843
95,9540,Mimusops elengi,21,164.961621,-21.344843
95,9712,Morinda citrifolia,21,164.961621,-21.344843
95,9777,Planchonella cinerea,21,164.961621,-21.344843
95,7309,Pleurostylia opposita,21,164.961621,-21.344843
95,174,Huberantha nitidissima,21,164.961621,-21.344843
95,9549,Psydrax odorata,21,164.961621,-21.344843
95,9898,Santalum austrocaledonicum,21,164.961621,-21.344843
96,9445,Diospyros minimifolia,21,164.949052,-21.305089
96,9348,Drypetes deplanchei,21,164.949052,-21.305089
96,9527,Guettarda speciosa,21,164.949052,-21.305089
96,9734,Guioa gracilis,21,164.949052,-21.305089
96,9540,Mimusops elengi,21,164.949052,-21.305089
96,9569,Ochrosia elliptica,21,164.949052,-21.305089
96,9777,Planchonella cinerea,21,164.949052,-21.305089
96,7309,Pleurostylia opposita,21,164.949052,-21.305089
96,9549,Psydrax odorata,21,164.949052,-21.305089
97,9458,Alectryon carinatum,21,164.960816,-21.313166
97,2268,Alstonia balansae,21,164.960816,-21.313166
97,9723,Arytera collina,21,164.960816,-21.313166
97,9344,Casearia deplanchei,21,164.960816,-21.313166
97,4013,Diospyros fasciculosa,21,164.960816,-21.313166
97,9348,Drypetes deplanchei,21,164.960816,-21.313166
97,7848,Dysoxylum bijugum,21,164.960816,-21.313166
97,9523,Fontainea pancheri,21,164.960816,-21.313166
97,9709,Gardenia urvillei,21,164.960816,-21.313166
97,9734,Guioa gracilis,21,164.960816,-21.313166
97,5949,Denhamia fournieri,21,164.960816,-21.313166
97,9540,Mimusops elengi,21,164.960816,-21.313166
97,9777,Planchonella cinerea,21,164.960816,-21.313166
97,7309,Pleurostylia opposita,21,164.960816,-21.313166
97,174,Huberantha nitidissima,21,164.960816,-21.313166
97,9549,Psydrax odorata,21,164.960816,-21.313166
97,9898,Santalum austrocaledonicum,21,164.960816,-21.313166
98,9456,Acacia spirorbis,21,164.949842,-21.32835
98,1733,Arytera chartacea,21,164.949842,-21.32835
98,9358,Casuarina collina,21,164.949842,-21.32835
98,9353,Cupaniopsis globosa,21,164.949842,-21.32835
98,4013,Diospyros fasciculosa,21,164.949842,-21.32835
98,9348,Drypetes deplanchei,21,164.949842,-21.32835
98,7848,Dysoxylum bijugum,21,164.949842,-21.32835
98,5128,Ficus prolixa,21,164.949842,-21.32835
98,9523,Fontainea pancheri,21,164.949842,-21.32835
98,9734,Guioa gracilis,21,164.949842,-21.32835
98,9537,Manilkara dissecta,21,164.949842,-21.32835
98,9540,Mimusops elengi,21,164.949842,-21.32835
98,9777,Planchonella cinerea,21,164.949842,-21.32835
98,7309,Pleurostylia opposita,21,164.949842,-21.32835
98,7496,Sarcomelicope leiocarpa,21,164.949842,-21.32835
98,9574,Terminalia novocaledonica,21,164.949842,-21.32835
99,9555,Albizia guillainii,21,164.944286,-21.325824
100,9456,Acacia spirorbis,21,164.973158,-21.3197
100,6155,Acridocarpus austrocaledonicus,21,164.973158,-21.3197
100,5489,Acronychia laevis,21,164.973158,-21.3197
100,9458,Alectryon carinatum,21,164.973158,-21.3197
100,2263,Alphitonia neocaledonica,21,164.973158,-21.3197
100,2268,Alstonia balansae,21,164.973158,-21.3197
100,2593,Arytera arcuata,21,164.973158,-21.3197
100,9723,Arytera collina,21,164.973158,-21.3197
100,2852,Austrobuxus carunculatus,21,164.973158,-21.3197
100,3228,Casearia silvana,21,164.973158,-21.3197
100,9821,Elaeodendron pininsulare subsp. poyaense,21,164.973158,-21.3197
100,9358,Casuarina collina,21,164.973158,-21.3197
100,4386,Celtis conferta,21,164.973158,-21.3197
100,9488,Cerbera manghas,21,164.973158,-21.3197
100,4473,Cloezia artensis,21,164.973158,-21.3197
100,3390,Codiaeum peltatum,21,164.973158,-21.3197
100,9497,Croton insularis,21,164.973158,-21.3197
100,9345,Cupaniopsis trigonocarpa,21,164.973158,-21.3197
100,4013,Diospyros fasciculosa,21,164.973158,-21.3197
100,9446,Diospyros perplexa,21,164.973158,-21.3197
100,9447,Diospyros pustulata,21,164.973158,-21.3197
100,9348,Drypetes deplanchei,21,164.973158,-21.3197
100,7859,Elattostachys apetala,21,164.973158,-21.3197
100,5072,Erythroxylum novocaledonicum,21,164.973158,-21.3197
100,8035,Eugenia gacognei,21,164.973158,-21.3197
100,9519,Excoecaria agallocha,21,164.973158,-21.3197
100,9523,Fontainea pancheri,21,164.973158,-21.3197
100,9709,Gardenia urvillei,21,164.973158,-21.3197
100,9527,Guettarda speciosa,21,164.973158,-21.3197
100,9734,Guioa gracilis,21,164.973158,-21.3197
100,9531,Heritiera littoralis,21,164.973158,-21.3197
100,6622,Ixora cauliflora,21,164.973158,-21.3197
100,3663,Pycnandra petiolata,21,164.973158,-21.3197
100,9536,Lumnitzera racemosa,21,164.973158,-21.3197
100,9537,Manilkara dissecta,21,164.973158,-21.3197
100,5949,Denhamia fournieri,21,164.973158,-21.3197
100,9540,Mimusops elengi,21,164.973158,-21.3197
100,9712,Morinda citrifolia,21,164.973158,-21.3197
100,6654,Osmanthus austrocaledonicus,21,164.973158,-21.3197
100,9777,Planchonella cinerea,21,164.973158,-21.3197
100,9782,Planchonella luteocostata,21,164.973158,-21.3197
100,7309,Pleurostylia opposita,21,164.973158,-21.3197
100,9547,Premna serratifolia,21,164.973158,-21.3197
100,9549,Psydrax odorata,21,164.973158,-21.3197
100,6676,Rauvolfia semperflorens,21,164.973158,-21.3197
100,7496,Sarcomelicope leiocarpa,21,164.973158,-21.3197
100,9699,Stenocarpus milnei,21,164.973158,-21.3197
100,9574,Terminalia novocaledonica,21,164.973158,-21.3197
100,9582,Xylocarpus granatum,21,164.973158,-21.3197
101,9456,Acacia spirorbis,21,166.460018,-22.259073
101,5489,Acronychia laevis,21,166.460018,-22.259073
101,9457,Aglaia elaeagnoidea,21,166.460018,-22.259073
101,2593,Arytera arcuata,21,166.460018,-22.259073
101,9723,Arytera collina,21,166.460018,-22.259073
101,9358,Casuarina collina,21,166.460018,-22.259073
101,4386,Celtis conferta,21,166.460018,-22.259073
101,9488,Cerbera manghas,21,166.460018,-22.259073
101,9497,Croton insularis,21,166.460018,-22.259073
101,4013,Diospyros fasciculosa,21,166.460018,-22.259073
101,9348,Drypetes deplanchei,21,166.460018,-22.259073
101,7848,Dysoxylum bijugum,21,166.460018,-22.259073
101,8035,Eugenia gacognei,21,166.460018,-22.259073
101,9964,Ficus virens,21,166.460018,-22.259073
101,9523,Fontainea pancheri,21,166.460018,-22.259073
101,9709,Gardenia urvillei,21,166.460018,-22.259073
101,2694,Phyllanthus billardierei,21,166.460018,-22.259073
101,9525,Grewia crenata,21,166.460018,-22.259073
101,5773,Hybanthus caledonicus,21,166.460018,-22.259073
101,6623,Ixora collina,21,166.460018,-22.259073
101,6728,Melaleuca quinquenervia,21,166.460018,-22.259073
101,2377,Melia azedarach,21,166.460018,-22.259073
101,9542,Ormocarpum orientale,21,166.460018,-22.259073
101,9670,Pittosporum pancheri,21,166.460018,-22.259073
101,9777,Planchonella cinerea,21,166.460018,-22.259073
101,7309,Pleurostylia opposita,21,166.460018,-22.259073
101,9547,Premna serratifolia,21,166.460018,-22.259073
101,9549,Psydrax odorata,21,166.460018,-22.259073
101,9550,Dallachya vitiensis,21,166.460018,-22.259073
101,9898,Santalum austrocaledonicum,21,166.460018,-22.259073
101,7496,Sarcomelicope leiocarpa,21,166.460018,-22.259073
101,5983,Plerandra veitchii,21,166.460018,-22.259073
101,7541,Semecarpus atra,21,166.460018,-22.259073
101,7577,Soulamea tomentosa,21,166.460018,-22.259073
102,9527,Guettarda speciosa,21,165.459069,-21.658835
102,9455,Acacia simplex,21,165.459069,-21.658835
102,9488,Cerbera manghas,21,165.459069,-21.658835
102,9540,Mimusops elengi,21,165.459069,-21.658835
102,9777,Planchonella cinerea,21,165.459069,-21.658835
102,4386,Celtis conferta,21,165.459069,-21.658835
102,9519,Excoecaria agallocha,21,165.459069,-21.658835
102,9525,Grewia crenata,21,165.459069,-21.658835
103,6728,Melaleuca quinquenervia,4,165.73255787,-21.37850015
103,2694,Phyllanthus billardierei,4,165.73255787,-21.37850015
103,4369,Metrosideros laurifolia,4,165.73255787,-21.37850015
103,5093,Fagraea berteroana,4,165.73255787,-21.37850015
103,6273,Plerandra gabriellae,4,165.73255787,-21.37850015
103,1261,Archidendropsis granulosa,4,165.73255787,-21.37850015
103,6267,Podonephelium pachycaule,4,165.73255787,-21.37850015
103,8015,Tabernaemontana cerifera,4,165.73255787,-21.37850015
103,6595,Guioa glauca,4,165.73255787,-21.37850015
103,9764,Gymnostoma glaucescens,4,165.73255787,-21.37850015
103,5360,Garcinia neglecta,4,165.73255787,-21.37850015
103,9526,Guettarda balansaeana,4,165.73255787,-21.37850015
103,7850,Elaeocarpus angustifolius,4,165.73255787,-21.37850015
104,9456,Acacia spirorbis,21,164.96389,-21.26204
104,5489,Acronychia laevis,21,164.96389,-21.26204
104,2263,Alphitonia neocaledonica,21,164.96389,-21.26204
104,9723,Arytera collina,21,164.96389,-21.26204
104,2852,Austrobuxus carunculatus,21,164.96389,-21.26204
104,2924,Baloghia alternifolia,21,164.96389,-21.26204
104,9344,Casearia deplanchei,21,164.96389,-21.26204
104,3228,Casearia silvana,21,164.96389,-21.26204
104,9358,Casuarina collina,21,164.96389,-21.26204
104,9488,Cerbera manghas,21,164.96389,-21.26204
104,3338,Cleistanthus stipitatus,21,164.96389,-21.26204
104,4473,Cloezia artensis,21,164.96389,-21.26204
104,3390,Codiaeum peltatum,21,164.96389,-21.26204
104,9497,Croton insularis,21,164.96389,-21.26204
104,9500,Cynometra ramiflora,21,164.96389,-21.26204
104,4032,Diospyros samoensis,21,164.96389,-21.26204
104,9348,Drypetes deplanchei,21,164.96389,-21.26204
104,8035,Eugenia gacognei,21,164.96389,-21.26204
104,9544,Euroschinus jaffrei,21,164.96389,-21.26204
104,9709,Gardenia urvillei,21,164.96389,-21.26204
104,5662,Hibbertia lucens,21,164.96389,-21.26204
104,5719,Hibbertia wagapii,21,164.96389,-21.26204
104,8375,Homalium deplanchei,21,164.96389,-21.26204
104,5772,Hybanthus austrocaledonicus,21,164.96389,-21.26204
104,6623,Ixora collina,21,164.96389,-21.26204
104,9870,Pycnandra filipes,21,164.96389,-21.26204
104,6509,Maxwellia lepidota,21,164.96389,-21.26204
104,5949,Denhamia fournieri,21,164.96389,-21.26204
104,2377,Melia azedarach,21,164.96389,-21.26204
104,9540,Mimusops elengi,21,164.96389,-21.26204
104,7309,Pleurostylia opposita,21,164.96389,-21.26204
104,9549,Psydrax odorata,21,164.96389,-21.26204
104,6676,Rauvolfia semperflorens,21,164.96389,-21.26204
104,9550,Dallachya vitiensis,21,164.96389,-21.26204
104,9413,Sarcomelicope simplicifolia,21,164.96389,-21.26204
104,9699,Stenocarpus milnei,21,164.96389,-21.26204
104,7613,Styphelia cymbulae,21,164.96389,-21.26204
104,9572,Terminalia cherrieri,21,164.96389,-21.26204
104,9574,Terminalia novocaledonica,21,164.96389,-21.26204
105,2939,Barringtonia neocaledonica,30,164.73033797,-20.9264230728
105,174,Huberantha nitidissima,30,164.73033797,-20.9264230728
105,4013,Diospyros fasciculosa,30,164.73033797,-20.9264230728
106,7850,Elaeocarpus angustifolius,4,165.198337,-21.313101
106,7541,Semecarpus atra,4,165.198337,-21.313101
106,2939,Barringtonia neocaledonica,4,165.198337,-21.313101
106,9488,Cerbera manghas,4,165.198337,-21.313101
106,5128,Ficus prolixa,4,165.198337,-21.313101
106,7859,Elattostachys apetala,4,165.198337,-21.313101
106,7848,Dysoxylum bijugum,4,165.198337,-21.313101
106,9712,Morinda citrifolia,4,165.198337,-21.313101
106,4998,Ficus habrophylla,4,165.198337,-21.313101
106,2212,Aleurites moluccana,4,165.198337,-21.313101
107,7541,Semecarpus atra,30,164.7255529091,-20.930467844
107,9528,Gyrocarpus americanus,30,164.7255529091,-20.930467844
107,174,Huberantha nitidissima,30,164.7255529091,-20.930467844
107,4013,Diospyros fasciculosa,30,164.7255529091,-20.930467844
108,9737,Podonephelium homei,57,167.9606968478,-21.4583703219
108,1484,Schefflera,57,167.9606968478,-21.4583703219
108,4013,Diospyros fasciculosa,57,167.9606968478,-21.4583703219
108,9457,Aglaia elaeagnoidea,57,167.9606968478,-21.4583703219
108,6885,Olea paniculata,57,167.9606968478,-21.4583703219
108,9452,Elaeocarpus rotundifolius,57,167.9606968478,-21.4583703219
108,4998,Ficus habrophylla,57,167.9606968478,-21.4583703219
108,5489,Acronychia laevis,57,167.9606968478,-21.4583703219
108,3329,Claoxylon insulanum,57,167.9606968478,-21.4583703219
108,4726,Delarbrea paradoxa,57,167.9606968478,-21.4583703219
108,9978,Lantana camara,57,167.9606968478,-21.4583703219
108,9576,Meryta denhamii,57,167.9606968478,-21.4583703219
108,6709,Polyscias bracteata,57,167.9606968478,-21.4583703219
109,5489,Acronychia laevis,57,167.8716356696,-21.4910334866
109,9457,Aglaia elaeagnoidea,57,167.8716356696,-21.4910334866
109,4726,Delarbrea paradoxa,57,167.8716356696,-21.4910334866
109,4032,Diospyros samoensis,57,167.8716356696,-21.4910334866
109,4013,Diospyros fasciculosa,57,167.8716356696,-21.4910334866
109,5128,Ficus prolixa,57,167.8716356696,-21.4910334866
109,3530,Anacardiaceae,57,167.8716356696,-21.4910334866
109,9978,Lantana camara,57,167.8716356696,-21.4910334866
109,6885,Olea paniculata,57,167.8716356696,-21.4910334866
109,9655,Pandanus macrocarpus,57,167.8716356696,-21.4910334866
109,1484,Schefflera,57,167.8716356696,-21.4910334866
109,7645,Syzygium densiflorum,57,167.8716356696,-21.4910334866
109,6709,Polyscias bracteata,57,167.8716356696,-21.4910334866
112,9358,Casuarina collina,30,165.3266475163,-21.3935726881
112,7295,Pittosporum simsonii,30,165.3266475163,-21.3935726881
112,7859,Elattostachys apetala,30,165.3266475163,-21.3935726881
112,374,Cleidion,30,165.3266475163,-21.3935726881
112,8596,Pandanus balansae,30,165.3266475163,-21.3935726881
112,5360,Garcinia neglecta,30,165.3266475163,-21.3935726881
112,174,Huberantha nitidissima,30,165.3266475163,-21.3935726881
112,7658,Syzygium macranthum,30,165.3266475163,-21.3935726881
113,9358,Casuarina collina,30,165.327735655,-21.3931381702
113,174,Huberantha nitidissima,30,165.327735655,-21.3931381702
113,3035,Acropogon,30,165.327735655,-21.3931381702
113,7848,Dysoxylum bijugum,30,165.327735655,-21.3931381702
113,4998,Ficus habrophylla,30,165.327735655,-21.3931381702
114,9358,Casuarina collina,30,165.1557953283,-21.2009847164
114,5477,Geissois racemosa,30,165.1557953283,-21.2009847164
114,1966,Ficus,30,165.1557953283,-21.2009847164
114,6267,Podonephelium pachycaule,30,165.1557953283,-21.2009847164
114,7850,Elaeocarpus angustifolius,30,165.1557953283,-21.2009847164
114,6273,Plerandra gabriellae,30,165.1557953283,-21.2009847164
114,7599,Chambeyronia macrocarpa,30,165.1557953283,-21.2009847164
114,5489,Acronychia laevis,30,165.1557953283,-21.2009847164
114,5837,Kermadecia sinuata,30,165.1557953283,-21.2009847164
115,5477,Geissois racemosa,30,165.1455827337,-21.192779839
115,9668,Pittosporum malaxanii,30,165.1455827337,-21.192779839
115,8253,Diospyros macrocarpa,30,165.1455827337,-21.192779839
115,6273,Plerandra gabriellae,30,165.1455827337,-21.192779839
115,7599,Chambeyronia macrocarpa,30,165.1455827337,-21.192779839
115,5837,Kermadecia sinuata,30,165.1455827337,-21.192779839
116,5608,Hernandia cordigera,30,165.1475970726,-21.1926349998
116,5477,Geissois racemosa,30,165.1475970726,-21.1926349998
116,9358,Casuarina collina,30,165.1475970726,-21.1926349998
116,4998,Ficus habrophylla,30,165.1475970726,-21.1926349998
116,6273,Plerandra gabriellae,30,165.1475970726,-21.1926349998
116,5837,Kermadecia sinuata,30,165.1475970726,-21.1926349998
118,9595,Barringtonia integrifolia,4,164.4237815123,-20.3165155649
118,7859,Elattostachys apetala,4,164.4237815123,-20.3165155649
118,9971,Cyphophoenix elegans,4,164.4237815123,-20.3165155649
118,6374,Garcinia puat,4,164.4237815123,-20.3165155649
118,9385,Ficus virgata,4,164.4237815123,-20.3165155649
118,4792,Dendrocnide peltata,4,164.4237815123,-20.3165155649
118,9629,Syzygium lateriflorum,4,164.4237815123,-20.3165155649
118,4432,Cleidion vieillardii,4,164.4237815123,-20.3165155649
118,3390,Codiaeum peltatum,4,164.4237815123,-20.3165155649
118,7850,Elaeocarpus angustifolius,4,164.4237815123,-20.3165155649
118,9458,Alectryon carinatum,4,164.4237815123,-20.3165155649
118,6728,Melaleuca quinquenervia,4,164.4237815123,-20.3165155649
118,391,Mezoneuron,4,164.4237815123,-20.3165155649
118,2694,Phyllanthus billardierei,4,164.4237815123,-20.3165155649
118,1261,Archidendropsis granulosa,4,164.4237815123,-20.3165155649
118,174,Huberantha nitidissima,4,164.4237815123,-20.3165155649
118,6601,Antirhea wagapensis,4,164.4237815123,-20.3165155649
119,6273,Plerandra gabriellae,4,164.4435681682,-20.3069239855
119,9971,Cyphophoenix elegans,4,164.4435681682,-20.3069239855
119,4056,Dutaillyea trifoliolata,4,164.4435681682,-20.3069239855
119,6976,Oxera sessilifolia,4,164.4435681682,-20.3069239855
119,8277,Dracophyllum verticillatum,4,164.4435681682,-20.3069239855
119,5489,Acronychia laevis,4,164.4435681682,-20.3069239855
119,6041,Garcinia balansae,4,164.4435681682,-20.3069239855
119,8928,Elaeocarpus vieillardii Brongn. & Gris var. vieillardii,4,164.4435681682,-20.3069239855
119,4369,Metrosideros laurifolia,4,164.4435681682,-20.3069239855
119,3387,Codia incrassata,4,164.4435681682,-20.3069239855
119,9770,Hugonia oreogena,4,164.4435681682,-20.3069239855
119,7635,Syzygium baladense,4,164.4435681682,-20.3069239855
119,6842,Myodocarpus pinnatus,4,164.4435681682,-20.3069239855
119,2416,Apodytes clusiifolia,4,164.4435681682,-20.3069239855
119,1936,Dysoxylum,4,164.4435681682,-20.3069239855
119,8247,Diospyros flavocarpa,4,164.4435681682,-20.3069239855
119,6595,Guioa glauca,4,164.4435681682,-20.3069239855
119,7646,Syzygium deplanchei,4,164.4435681682,-20.3069239855
119,7925,Cyphokentia cerifera,4,164.4435681682,-20.3069239855
119,9973,Virotia vieillardii,4,164.4435681682,-20.3069239855
119,9532,Eucarpha strobilina,4,164.4435681682,-20.3069239855
119,5183,Freycinetia arborea,4,164.4435681682,-20.3069239855
119,6796,Meryta oxylaena,4,164.4435681682,-20.3069239855
121,2150,Pandanus,30,165.157167,-21.2150667
121,7467,Rhodomyrtus locellata,30,165.157167,-21.2150667
121,7599,Chambeyronia macrocarpa,30,165.157167,-21.2150667
122,1261,Archidendropsis granulosa,30,165.9444576502,-21.6440534592
122,7541,Semecarpus atra,30,165.9444576502,-21.6440534592
122,1966,Ficus,30,165.9444576502,-21.6440534592
122,7859,Elattostachys apetala,30,165.9444576502,-21.6440534592
122,9488,Cerbera manghas,30,165.9444576502,-21.6440534592
122,7850,Elaeocarpus angustifolius,30,165.9444576502,-21.6440534592
122,2212,Aleurites moluccana,30,165.9444576502,-21.6440534592
123,8051,Cupaniopsis oedipoda,4,165.2184874378,-20.8171015978
123,5093,Fagraea berteroana,4,165.2184874378,-20.8171015978
123,8474,Zygogynum amplexicaule (Parmentier) Vink subsp. amplexicaule,4,165.2184874378,-20.8171015978
123,9696,Tapeinosperma deroinii,4,165.2184874378,-20.8171015978
123,5393,Plerandra moratiana,4,165.2184874378,-20.8171015978
123,6273,Plerandra gabriellae,4,165.2184874378,-20.8171015978
123,5608,Hernandia cordigera,4,165.2184874378,-20.8171015978
123,3402,Comptonella drupacea,4,165.2184874378,-20.8171015978
123,6237,Atractocarpus mollis,4,165.2184874378,-20.8171015978
123,5964,Macaranga corymbosa,4,165.2184874378,-20.8171015978
123,3338,Cleistanthus stipitatus,4,165.2184874378,-20.8171015978
123,9509,Homalium francii,4,165.2184874378,-20.8171015978
123,6606,Guioa ovalis,4,165.2184874378,-20.8171015978
123,8075,Sphaeropteris novaecaledoniae,4,165.2184874378,-20.8171015978
123,3556,Crossostylis grandiflora,4,165.2184874378,-20.8171015978
123,2150,Pandanus,4,165.2184874378,-20.8171015978
123,6374,Garcinia puat,4,165.2184874378,-20.8171015978
123,8103,Goniothalamus obtusatus,4,165.2184874378,-20.8171015978
123,2416,Apodytes clusiifolia,4,165.2184874378,-20.8171015978
123,5562,Harpullia austrocaledonica,4,165.2184874378,-20.8171015978
123,5133,Ficus racemigera,4,165.2184874378,-20.8171015978
123,9601,Ficus pteroporum,4,165.2184874378,-20.8171015978
123,8231,Cyphokentia macrostachya,4,165.2184874378,-20.8171015978
123,7287,Burretiokentia vieillardii,4,165.2184874378,-20.8171015978
123,4998,Ficus habrophylla,4,165.2184874378,-20.8171015978
123,5813,Ixora comptonii,4,165.2184874378,-20.8171015978
123,7645,Syzygium densiflorum,4,165.2184874378,-20.8171015978
123,7218,Phelline confertifolia,4,165.2184874378,-20.8171015978
123,6601,Antirhea wagapensis,4,165.2184874378,-20.8171015978
123,7772,Xylopia vieillardii,4,165.2184874378,-20.8171015978
124,8261,Diospyros parviflora,4,165.2481356543,-20.8181610703
124,9500,Cynometra ramiflora,4,165.2481356543,-20.8181610703
124,2422,Arthroclianthus,4,165.2481356543,-20.8181610703
124,7271,Pittosporum gracile,4,165.2481356543,-20.8181610703
124,8750,Syzygium longifolium,4,165.2481356543,-20.8181610703
124,3036,Acropogon sageniifolius,4,165.2481356543,-20.8181610703
124,9492,Commersonia bartramia,4,165.2481356543,-20.8181610703
124,9595,Barringtonia integrifolia,4,165.2481356543,-20.8181610703
124,5964,Macaranga corymbosa,4,165.2481356543,-20.8181610703
129,9681,Podocarpus polyspermus,30,165.1576549374,-21.2145513296
129,6273,Plerandra gabriellae,30,165.1576549374,-21.2145513296
130,9681,Podocarpus polyspermus,30,165.1122665964,-21.170681119
131,4489,Gymnostoma,17,166.55121,-22.09739
131,8253,Diospyros macrocarpa,17,166.55121,-22.09739
131,7308,Pleurocalyptus pancheri,17,166.55121,-22.09739
131,2263,Alphitonia neocaledonica,17,166.55121,-22.09739
131,8015,Tabernaemontana cerifera,17,166.55121,-22.09739
131,8010,Agathis lanceolata,17,166.55121,-22.09739
131,6873,Basselinia pancheri,17,166.55121,-22.09739
131,7811,Deplanchea speciosa,17,166.55121,-22.09739
131,307,Styphelia,17,166.55121,-22.09739
131,1868,Cryptocarya,17,166.55121,-22.09739
131,338,Pancheria,17,166.55121,-22.09739
131,8336,Pandanus bernardii,17,166.55121,-22.09739
131,8604,Pandanus pancheri,17,166.55121,-22.09739
131,1855,Beilschmiedia,17,166.55121,-22.09739
131,5239,Garcinia amplexicaulis,17,166.55121,-22.09739
131,3158,Calophyllum caledonicum,17,166.55121,-22.09739
131,2770,Araucaria,17,166.55121,-22.09739
131,2716,Podocarpus,17,166.55121,-22.09739
131,8913,Elaeocarpus speciosus,17,166.55121,-22.09739
131,6794,Meryta coriacea,17,166.55121,-22.09739
131,3349,Pycnandra,17,166.55121,-22.09739
131,1384,Alstonia,17,166.55121,-22.09739
131,8566,Montrouziera cauliflora,17,166.55121,-22.09739
132,2620,Ascarina rubricaulis,17,166.55629,-22.08811
132,8896,Elaeocarpus bullatus,17,166.55629,-22.08811
132,8592,Elaeocarpus gummatus,17,166.55629,-22.08811
132,6859,Nemuaron vieillardii,17,166.55629,-22.08811
132,7210,Periomphale balansae,17,166.55629,-22.08811
132,9548,Apiopetalum glabratum,17,166.55629,-22.08811
132,7758,Weinmannia paitensis,17,166.55629,-22.08811
132,9435,Hibbertia baudouinii,17,166.55629,-22.08811
132,2155,Quintinia,17,166.55629,-22.08811
132,2156,Sphenostemon,17,166.55629,-22.08811
132,338,Pancheria,17,166.55629,-22.08811
132,1998,Syzygium,17,166.55629,-22.08811
132,1988,Metrosideros,17,166.55629,-22.08811
132,121,Cunonia,17,166.55629,-22.08811
132,6659,Phelline comosa,17,166.55629,-22.08811
132,4991,Ficus austrocaledonica,17,166.55629,-22.08811
132,4061,Dysoxylum roseum,17,166.55629,-22.08811
132,7016,Paracryphia alticola,17,166.55629,-22.08811
132,8955,Tapeinosperma deflexum,17,166.55629,-22.08811
132,2970,Antirhea,17,166.55629,-22.08811
133,8011,Trophis scandens,19,166.493376,-22.210077
133,7541,Semecarpus atra,19,166.493376,-22.210077
133,9576,Meryta denhamii,19,166.493376,-22.210077
133,5489,Acronychia laevis,19,166.493376,-22.210077
133,7848,Dysoxylum bijugum,19,166.493376,-22.210077
133,9964,Ficus virens,19,166.493376,-22.210077
133,4233,Salicaceae,19,166.493376,-22.210077
133,4236,Sapindaceae,19,166.493376,-22.210077
133,3413,Cordyline fruticosa,19,166.493376,-22.210077
133,7750,Ventilago pseudocalyculata,19,166.493376,-22.210077
134,6273,Plerandra gabriellae,19,165.773882,-21.602725
134,9358,Casuarina collina,19,165.773882,-21.602725
134,5093,Fagraea berteroana,19,165.773882,-21.602725
134,6816,Austrotaxus spicata,19,165.773882,-21.602725
134,4061,Dysoxylum roseum,19,165.773882,-21.602725
134,6792,Dysoxylum rufescens,19,165.773882,-21.602725
134,3310,Chionanthus pedunculatus,19,165.773882,-21.602725
134,121,Cunonia,19,165.773882,-21.602725
134,9600,Ficus otophoroides,19,165.773882,-21.602725
134,5476,Geissois polyphylla,19,165.773882,-21.602725
134,2045,Bocquillonia,19,165.773882,-21.602725
134,6793,Meryta balansae,19,165.773882,-21.602725
134,3035,Acropogon,19,165.773882,-21.602725
134,7219,Phelline dumbeensis,19,165.773882,-21.602725
134,9669,Pittosporum morierei,19,165.773882,-21.602725
134,7482,Salaciopsis megaphylla,19,165.773882,-21.602725
134,8782,Tapeinosperma vieillardii,19,165.773882,-21.602725
135,5961,Macaranga alchorneoides,19,165.806308,-21.665704
135,9358,Casuarina collina,19,165.806308,-21.665704
135,9456,Acacia spirorbis,19,165.806308,-21.665704
135,5489,Acronychia laevis,19,165.806308,-21.665704
135,9700,Atractocarpus vaginatus,19,165.806308,-21.665704
135,9589,Oxera coriacea,19,165.806308,-21.665704
136,9456,Acacia spirorbis,4,164.958484,-21.174648
136,9709,Gardenia urvillei,4,164.958484,-21.174648
136,7711,Tetracera billardierei,4,164.958484,-21.174648
136,9488,Cerbera manghas,4,164.958484,-21.174648
136,9344,Casearia deplanchei,4,164.958484,-21.174648
136,7613,Styphelia cymbulae,4,164.958484,-21.174648
136,1733,Arytera chartacea,4,164.958484,-21.174648
136,9978,Lantana camara,4,164.958484,-21.174648
136,9358,Casuarina collina,4,164.958484,-21.174648
136,2013,Jasminum,4,164.958484,-21.174648
136,9345,Cupaniopsis trigonocarpa,4,164.958484,-21.174648
136,9430,Myrsine lecardii,4,164.958484,-21.174648
137,9488,Cerbera manghas,4,164.981767,-21.136815
137,9545,Semecarpus balansae,4,164.981767,-21.136815
137,9550,Dallachya vitiensis,4,164.981767,-21.136815
137,7850,Elaeocarpus angustifolius,4,164.981767,-21.136815
137,2212,Aleurites moluccana,4,164.981767,-21.136815
137,7711,Tetracera billardierei,4,164.981767,-21.136815
137,4998,Ficus habrophylla,4,164.981767,-21.136815
137,9775,Hunga mackeeana,4,164.981767,-21.136815
137,2694,Phyllanthus billardierei,4,164.981767,-21.136815
137,9712,Morinda citrifolia,4,164.981767,-21.136815
138,2212,Aleurites moluccana,4,165.004123,-21.081768
138,8375,Homalium deplanchei,4,165.004123,-21.081768
138,3390,Codiaeum peltatum,4,165.004123,-21.081768
138,7848,Dysoxylum bijugum,4,165.004123,-21.081768
138,9523,Fontainea pancheri,4,165.004123,-21.081768
138,8030,Eugenia brongniartiana,4,165.004123,-21.081768
138,4032,Diospyros samoensis,4,165.004123,-21.081768
138,4013,Diospyros fasciculosa,4,165.004123,-21.081768
138,7541,Semecarpus atra,4,165.004123,-21.081768
138,3976,Dendrocnide latifolia,4,165.004123,-21.081768
138,6694,Storckiella pancheri,4,165.004123,-21.081768
138,6221,Albizia saman,4,165.004123,-21.081768
138,5128,Ficus prolixa,4,165.004123,-21.081768
138,2932,Baloghia inophylla,4,165.004123,-21.081768
138,1429,Ochrosia,4,165.004123,-21.081768
138,9333,Oxera sulfurea,4,165.004123,-21.081768
138,174,Huberantha nitidissima,4,165.004123,-21.081768
138,5360,Garcinia neglecta,4,165.004123,-21.081768
138,5975,Mammea neurophylla,4,165.004123,-21.081768
138,9330,Euroschinus obtusifolius,4,165.004123,-21.081768
138,6622,Ixora cauliflora,4,165.004123,-21.081768
139,4998,Ficus habrophylla,4,165.5259436928,-21.2947332859
139,5124,Ficus otophora,4,165.5259436928,-21.2947332859
139,5167,Ficus webbiana,4,165.5259436928,-21.2947332859
139,3158,Calophyllum caledonicum,4,165.5259436928,-21.2947332859
139,6869,Neuburgia novocaledonica,4,165.5259436928,-21.2947332859
139,3982,Depanthus glaber,4,165.5259436928,-21.2947332859
139,8783,Tapeinosperma wagapense,4,165.5259436928,-21.2947332859
139,7772,Xylopia vieillardii,4,165.5259436928,-21.2947332859
139,9601,Ficus pteroporum,4,165.5259436928,-21.2947332859
139,3338,Cleistanthus stipitatus,4,165.5259436928,-21.2947332859
139,2694,Phyllanthus billardierei,4,165.5259436928,-21.2947332859
139,3419,Coronanthera barbata,4,165.5259436928,-21.2947332859
139,8075,Sphaeropteris novaecaledoniae,4,165.5259436928,-21.2947332859
139,5565,Hedycarya engleriana,4,165.5259436928,-21.2947332859
139,5564,Hedycarya cupulata,4,165.5259436928,-21.2947332859
139,6374,Garcinia puat,4,165.5259436928,-21.2947332859
139,5325,Garcinia densiflora,4,165.5259436928,-21.2947332859
139,6858,Basselinia gracilis,4,165.5259436928,-21.2947332859
139,7287,Burretiokentia vieillardii,4,165.5259436928,-21.2947332859
139,6158,Dysoxylum rufescens subsp. dzumacense,4,165.5259436928,-21.2947332859
139,6814,Dysoxylum kouiriense,4,165.5259436928,-21.2947332859
139,4058,Dysoxylum macranthum,4,165.5259436928,-21.2947332859
139,7577,Soulamea tomentosa,4,165.5259436928,-21.2947332859
139,9421,Codia mackeeana,4,165.5259436928,-21.2947332859
139,7897,Kanakomyrtus prominens,4,165.5259436928,-21.2947332859
139,2380,Anthocarapa nitidula,4,165.5259436928,-21.2947332859
139,5964,Macaranga corymbosa,4,165.5259436928,-21.2947332859
139,5608,Hernandia cordigera,4,165.5259436928,-21.2947332859
139,9595,Barringtonia integrifolia,4,165.5259436928,-21.2947332859
139,6273,Plerandra gabriellae,4,165.5259436928,-21.2947332859
139,5476,Geissois polyphylla,4,165.5259436928,-21.2947332859
139,2476,Archidendropsis fulgens,4,165.5259436928,-21.2947332859
139,3402,Comptonella drupacea,4,165.5259436928,-21.2947332859
139,8051,Cupaniopsis oedipoda,4,165.5259436928,-21.2947332859
139,8225,Cupaniopsis sylvatica,4,165.5259436928,-21.2947332859
139,7885,Alstonia costata,4,165.5259436928,-21.2947332859
139,7845,Gardenia oudiepe,4,165.5259436928,-21.2947332859
139,7427,Pycnandra benthamii,4,165.5259436928,-21.2947332859
139,7936,Pycnandra balansae,4,165.5259436928,-21.2947332859
139,7508,Schefflera candelabrum,4,165.5259436928,-21.2947332859
139,7917,Spiraeanthemum densiflorum,4,165.5259436928,-21.2947332859
139,3390,Codiaeum peltatum,4,165.5259436928,-21.2947332859
139,3302,Symplocos montana var. tortuosa,4,165.5259436928,-21.2947332859
139,2212,Aleurites moluccana,4,165.5259436928,-21.2947332859
139,6041,Garcinia balansae,4,165.5259436928,-21.2947332859
140,6273,Plerandra gabriellae,4,165.010641,-20.852822
140,6158,Dysoxylum rufescens subsp. dzumacense,4,165.010641,-20.852822
140,9629,Syzygium lateriflorum,4,165.010641,-20.852822
140,7287,Burretiokentia vieillardii,4,165.010641,-20.852822
140,6814,Dysoxylum kouiriense,4,165.010641,-20.852822
140,9384,Schefflera vieillardii,4,165.010641,-20.852822
140,5502,Gongrodiscus sufferrugineus,4,165.010641,-20.852822
140,1940,Geniostoma erythrospermum,4,165.010641,-20.852822
140,6601,Antirhea wagapensis,4,165.010641,-20.852822
140,7180,Salaciopsis,4,165.010641,-20.852822
140,5562,Harpullia austrocaledonica,4,165.010641,-20.852822
140,7430,Pycnandra comptonii,4,165.010641,-20.852822
140,6869,Neuburgia novocaledonica,4,165.010641,-20.852822
140,4369,Metrosideros laurifolia,4,165.010641,-20.852822
140,5239,Garcinia amplexicaulis,4,165.010641,-20.852822
140,7245,Piliocalyx bullatus,4,165.010641,-20.852822
140,9339,Gossia ramiflora,4,165.010641,-20.852822
140,2348,Amborella trichopoda,4,165.010641,-20.852822
140,8851,Acropogon macrocarpus,4,165.010641,-20.852822
140,3402,Comptonella drupacea,4,165.010641,-20.852822
140,5836,Kermadecia rotundifolia,4,165.010641,-20.852822
140,2694,Phyllanthus billardierei,4,165.010641,-20.852822
140,5964,Macaranga corymbosa,4,165.010641,-20.852822
140,5608,Hernandia cordigera,4,165.010641,-20.852822
140,8292,Cupaniopsis macrocarpa,4,165.010641,-20.852822
140,3571,Cryptocarya macrodesme,4,165.010641,-20.852822
140,8327,Zygogynum amplexicaule subsp. luteum,4,165.010641,-20.852822
140,8844,Zygogynum stipitatum,4,165.010641,-20.852822
140,5124,Ficus otophora,4,165.010641,-20.852822
140,9886,Storthocalyx corymbosus,4,165.010641,-20.852822
140,3556,Crossostylis grandiflora,4,165.010641,-20.852822
140,3158,Calophyllum caledonicum,4,165.010641,-20.852822
140,5564,Hedycarya cupulata,4,165.010641,-20.852822
140,5565,Hedycarya engleriana,4,165.010641,-20.852822
140,6858,Basselinia gracilis,4,165.010641,-20.852822
140,7004,Pancheria ternata,4,165.010641,-20.852822
140,3580,Cryptocarya velutinosa,4,165.010641,-20.852822
140,6233,Cryptocarya (aff_pluricostata_Barrab280),4,165.010641,-20.852822
140,6842,Myodocarpus pinnatus,4,165.010641,-20.852822
141,5857,Cerberiopsis candelabra,4,165.010152217,-20.8510959148
141,5961,Macaranga alchorneoides,4,165.010152217,-20.8510959148
141,4991,Ficus austrocaledonica,4,165.010152217,-20.8510959148
141,5257,Archidendropsis streptocarpa,4,165.010152217,-20.8510959148
141,3387,Codia incrassata,4,165.010152217,-20.8510959148
141,7936,Pycnandra balansae,4,165.010152217,-20.8510959148
141,6794,Meryta coriacea,4,165.010152217,-20.8510959148
141,7690,Syzygium wagapense,4,165.010152217,-20.8510959148
141,9629,Syzygium lateriflorum,4,165.010152217,-20.8510959148
141,7577,Soulamea tomentosa,4,165.010152217,-20.8510959148
141,9765,Gymnostoma webbianum,4,165.010152217,-20.8510959148
141,5964,Macaranga corymbosa,4,165.010152217,-20.8510959148
141,9443,Diospyros labillardierei,4,165.010152217,-20.8510959148
141,9400,Duboisia myoporoides,4,165.010152217,-20.8510959148
141,9338,Elaeocarpus toninensis,4,165.010152217,-20.8510959148
141,5315,Polyscias bracteata (R.Vig.) Lowry subsp. bracteata,4,165.010152217,-20.8510959148
141,6374,Garcinia puat,4,165.010152217,-20.8510959148
141,9585,Deplanchea sessilifolia,4,165.010152217,-20.8510959148
142,8375,Homalium deplanchei,4,164.91462,-20.990265
142,2212,Aleurites moluccana,4,164.91462,-20.990265
142,4998,Ficus habrophylla,4,164.91462,-20.990265
142,2932,Baloghia inophylla,4,164.91462,-20.990265
142,4013,Diospyros fasciculosa,4,164.91462,-20.990265
142,1261,Archidendropsis granulosa,4,164.91462,-20.990265
142,9984,Pipturus argenteus,4,164.91462,-20.990265
142,9731,Elattostachys incisa,4,164.91462,-20.990265
142,7859,Elattostachys apetala,4,164.91462,-20.990265
142,2377,Melia azedarach,4,164.91462,-20.990265
142,9523,Fontainea pancheri,4,164.91462,-20.990265
142,9978,Lantana camara,4,164.91462,-20.990265
142,7541,Semecarpus atra,4,164.91462,-20.990265
142,9540,Mimusops elengi,4,164.91462,-20.990265
142,5128,Ficus prolixa,4,164.91462,-20.990265
142,3390,Codiaeum peltatum,4,164.91462,-20.990265
142,9735,Podonephelium cristagalli,4,164.91462,-20.990265
143,6273,Plerandra gabriellae,4,164.90855,-20.981432
143,7859,Elattostachys apetala,4,164.90855,-20.981432
143,9330,Euroschinus obtusifolius,4,164.90855,-20.981432
143,6793,Meryta balansae,4,164.90855,-20.981432
143,5608,Hernandia cordigera,4,164.90855,-20.981432
143,7850,Elaeocarpus angustifolius,4,164.90855,-20.981432
143,5477,Geissois racemosa,4,164.90855,-20.981432
143,6728,Melaleuca quinquenervia,4,164.90855,-20.981432
143,6608,Guioa villosa,4,164.90855,-20.981432
143,5489,Acronychia laevis,4,164.90855,-20.981432
143,8069,Sphaeropteris intermedia,4,164.90855,-20.981432
145,8015,Tabernaemontana cerifera,4,164.3688378017,-20.4381161928
145,6728,Melaleuca quinquenervia,4,164.3688378017,-20.4381161928
145,9456,Acacia spirorbis,4,164.3688378017,-20.4381161928
145,3556,Crossostylis grandiflora,4,164.3688378017,-20.4381161928
145,5477,Geissois racemosa,4,164.3688378017,-20.4381161928
145,7850,Elaeocarpus angustifolius,4,164.3688378017,-20.4381161928
145,3228,Casearia silvana,4,164.3688378017,-20.4381161928
145,2694,Phyllanthus billardierei,4,164.3688378017,-20.4381161928
145,5167,Ficus webbiana,4,164.3688378017,-20.4381161928
145,4998,Ficus habrophylla,4,164.3688378017,-20.4381161928
145,231,Diospyros,4,164.3688378017,-20.4381161928
145,5489,Acronychia laevis,4,164.3688378017,-20.4381161928
146,8015,Tabernaemontana cerifera,4,164.364932715,-20.4369923472
146,6728,Melaleuca quinquenervia,4,164.364932715,-20.4369923472
146,9456,Acacia spirorbis,4,164.364932715,-20.4369923472
146,3556,Crossostylis grandiflora,4,164.364932715,-20.4369923472
146,4998,Ficus habrophylla,4,164.364932715,-20.4369923472
146,5528,Gymnostoma nodiflorum,4,164.364932715,-20.4369923472
146,7885,Alstonia costata,4,164.364932715,-20.4369923472
146,2149,Freycinetia,4,164.364932715,-20.4369923472
146,8110,Piper insectifugum,4,164.364932715,-20.4369923472
146,7613,Styphelia cymbulae,4,164.364932715,-20.4369923472
146,7711,Tetracera billardierei,4,164.364932715,-20.4369923472
146,5489,Acronychia laevis,4,164.364932715,-20.4369923472
146,6608,Guioa villosa,4,164.364932715,-20.4369923472
146,4013,Diospyros fasciculosa,4,164.364932715,-20.4369923472
146,7850,Elaeocarpus angustifolius,4,164.364932715,-20.4369923472
146,5477,Geissois racemosa,4,164.364932715,-20.4369923472
146,9629,Syzygium lateriflorum,4,164.364932715,-20.4369923472
147,6273,Plerandra gabriellae,30,165.4302265495,-21.5794873238
147,7850,Elaeocarpus angustifolius,30,165.4302265495,-21.5794873238
147,2212,Aleurites moluccana,30,165.4302265495,-21.5794873238
147,7541,Semecarpus atra,30,165.4302265495,-21.5794873238
147,1261,Archidendropsis granulosa,30,165.4302265495,-21.5794873238
147,4998,Ficus habrophylla,30,165.4302265495,-21.5794873238
147,174,Huberantha nitidissima,30,165.4302265495,-21.5794873238
147,1467,Meryta,30,165.4302265495,-21.5794873238
147,3349,Pycnandra,30,165.4302265495,-21.5794873238
147,1966,Ficus,30,165.4302265495,-21.5794873238
147,374,Cleidion,30,165.4302265495,-21.5794873238
147,1528,Cordyline,30,165.4302265495,-21.5794873238
148,1261,Archidendropsis granulosa,30,165.4319376312,-21.578977704
148,6273,Plerandra gabriellae,30,165.4319376312,-21.578977704
148,8375,Homalium deplanchei,30,165.4319376312,-21.578977704
148,9351,Podonephelium subaequilaterum,30,165.4319376312,-21.578977704
149,5475,Geissois montana,30,165.4417437874,-21.5821588039
149,7599,Chambeyronia macrocarpa,30,165.4417437874,-21.5821588039
149,6273,Plerandra gabriellae,30,165.4417437874,-21.5821588039
149,4013,Diospyros fasciculosa,30,165.4417437874,-21.5821588039
149,174,Huberantha nitidissima,30,165.4417437874,-21.5821588039
152,1261,Archidendropsis granulosa,30,165.9791298956,-21.678686142
152,6273,Plerandra gabriellae,30,165.9791298956,-21.678686142
152,7850,Elaeocarpus angustifolius,30,165.9791298956,-21.678686142
152,3349,Pycnandra,30,165.9791298956,-21.678686142
152,3390,Codiaeum peltatum,30,165.9791298956,-21.678686142
152,1467,Meryta,30,165.9791298956,-21.678686142
152,7541,Semecarpus atra,30,165.9791298956,-21.678686142
152,5475,Geissois montana,30,165.9791298956,-21.678686142
152,1966,Ficus,30,165.9791298956,-21.678686142
152,4998,Ficus habrophylla,30,165.9791298956,-21.678686142
152,6975,Oxera robusta,30,165.9791298956,-21.678686142
152,2772,Tapeinosperma,30,165.9791298956,-21.678686142
152,3533,Annonaceae,30,165.9791298956,-21.678686142
152,5093,Fagraea berteroana,30,165.9791298956,-21.678686142
152,5837,Kermadecia sinuata,30,165.9791298956,-21.678686142
152,5298,Dysoxylum rufescens Vieill. ex Pancher & Sebert subsp. rufescens,30,165.9791298956,-21.678686142
152,1443,Parsonsia,30,165.9791298956,-21.678686142
152,8069,Sphaeropteris intermedia,30,165.9791298956,-21.678686142
153,6728,Melaleuca quinquenervia,30,165.9742804617,-21.6758108139
153,9894,Metrosideros laurifolia Brongn. & Gris var. laurifolia,30,165.9742804617,-21.6758108139
153,5093,Fagraea berteroana,30,165.9742804617,-21.6758108139
153,4236,Sapindaceae,30,165.9742804617,-21.6758108139
153,1868,Cryptocarya,30,165.9742804617,-21.6758108139
153,6608,Guioa villosa,30,165.9742804617,-21.6758108139
