inventory_id,id,taxon_id,taxon_full_name,observer_id,x,y
37,66531,3221,Sparattosyce dioica,30,165.308983,-21.4182167
37,66532,7934,Pycnandra gordoniifolia,30,165.308983,-21.4182167
37,66533,1261,Archidendropsis granulosa,30,165.308983,-21.4182167
37,66534,5608,Hernandia cordigera,30,165.308983,-21.4182167
37,66535,8253,Diospyros macrocarpa,30,165.308983,-21.4182167
37,83242,9875,Pycnandra grandifolia,30,165.308983,-21.4182167
38,68055,1261,Archidendropsis granulosa,30,164.3342355452,-20.5242043734
38,68056,2623,Bischofia javanica,30,164.3342355452,-20.5242043734
38,68057,7541,Semecarpus atra,30,164.3342355452,-20.5242043734
38,68058,7850,Elaeocarpus angustifolius,30,164.3342355452,-20.5242043734
38,68059,5975,Mammea neurophylla,30,164.3342355452,-20.5242043734
38,83279,2212,Aleurites moluccana,30,164.3342355452,-20.5242043734
38,83280,174,Huberantha nitidissima,30,164.3342355452,-20.5242043734
38,83281,9457,Aglaia elaeagnoidea,30,164.3342355452,-20.5242043734
39,68060,1261,Archidendropsis granulosa,30,164.6930561028,-20.7816320658
39,68061,7850,Elaeocarpus angustifolius,30,164.6930561028,-20.7816320658
39,68062,3359,Agathis moorei,30,164.6930561028,-20.7816320658
39,68063,6885,Olea paniculata,30,164.6930561028,-20.7816320658
39,68064,6273,Plerandra gabriellae,30,164.6930561028,-20.7816320658
39,68065,5477,Geissois racemosa,30,164.6930561028,-20.7816320658
39,68066,4998,Ficus habrophylla,30,164.6930561028,-20.7816320658
39,68067,5133,Ficus racemigera,30,164.6930561028,-20.7816320658
39,68068,5128,Ficus prolixa,30,164.6930561028,-20.7816320658
39,68069,2593,Arytera arcuata,30,164.6930561028,-20.7816320658
39,68070,7256,Pisonia artensis,30,164.6930561028,-20.7816320658
39,68071,5404,Plerandra leptophylla,30,164.6930561028,-20.7816320658
39,83390,8225,Cupaniopsis sylvatica,30,164.6930561028,-20.7816320658
41,83243,9540,Mimusops elengi,30,164.3039239012,-20.455416441
41,83244,7859,Elattostachys apetala,30,164.3039239012,-20.455416441
41,83245,6885,Olea paniculata,30,164.3039239012,-20.455416441
41,83246,8046,Cupaniopsis mackeeana,30,164.3039239012,-20.455416441
41,83247,8015,Tabernaemontana cerifera,30,164.3039239012,-20.455416441
41,83248,9781,Planchonella linggensis,30,164.3039239012,-20.455416441
41,83249,9457,Aglaia elaeagnoidea,30,164.3039239012,-20.455416441
41,83250,9526,Guettarda balansaeana,30,164.3039239012,-20.455416441
41,83251,9772,Elaeodendron curtipendulum,30,164.3039239012,-20.455416441
41,83252,1261,Archidendropsis granulosa,30,164.3039239012,-20.455416441
41,83253,3556,Crossostylis grandiflora,30,164.3039239012,-20.455416441
41,83254,7309,Pleurostylia opposita,30,164.3039239012,-20.455416441
41,83255,5093,Fagraea berteroana,30,164.3039239012,-20.455416441
41,83256,2743,Garcinia puat (Montrouz.) Guillaumin var. puat,30,164.3039239012,-20.455416441
41,83257,9845,Cerbera manghas L. var. manghas,30,164.3039239012,-20.455416441
41,83258,9332,Euroschinus obtusifolius Engl. var. obtusifolius,30,164.3039239012,-20.455416441
42,83259,174,Huberantha nitidissima,30,164.303870257,-20.4508030415
42,83260,8581,Ochrosia grandiflora,30,164.303870257,-20.4508030415
42,83261,3564,Cryptocarya elliptica,30,164.303870257,-20.4508030415
42,83262,6273,Plerandra gabriellae,30,164.303870257,-20.4508030415
42,83263,7541,Semecarpus atra,30,164.303870257,-20.4508030415
42,83264,2623,Bischofia javanica,30,164.303870257,-20.4508030415
42,83265,5128,Ficus prolixa,30,164.303870257,-20.4508030415
42,83266,9348,Drypetes deplanchei,30,164.303870257,-20.4508030415
42,83267,7256,Pisonia artensis,30,164.303870257,-20.4508030415
42,83268,5975,Mammea neurophylla,30,164.303870257,-20.4508030415
42,83269,4013,Diospyros fasciculosa,30,164.303870257,-20.4508030415
42,83270,2212,Aleurites moluccana,30,164.303870257,-20.4508030415
43,83271,7981,Pycnandra sarlinii,30,165.1943824254,-21.133902669
43,83282,9836,Dubouzetia elegans Brongn. & Gris var. elegans,30,165.1943824254,-21.133902669
44,83272,5502,Gongrodiscus sufferrugineus,30,165.1925853454,-21.1158138514
44,83273,6273,Plerandra gabriellae,30,165.1925853454,-21.1158138514
44,83274,1261,Archidendropsis granulosa,30,165.1925853454,-21.1158138514
44,83275,5477,Geissois racemosa,30,165.1925853454,-21.1158138514
45,83276,7435,Pycnandra vieillardii,30,165.1921883784,-21.1260277033
45,83277,3359,Agathis moorei,30,165.1921883784,-21.1260277033
47,83283,7936,Pycnandra balansae,30,165.1493902132,-21.1501300335
47,83284,2476,Archidendropsis fulgens,30,165.1493902132,-21.1501300335
47,83285,6273,Plerandra gabriellae,30,165.1493902132,-21.1501300335
48,83286,5799,Ilex sebertii,30,165.5812749825,-21.4841938019
48,83287,6273,Plerandra gabriellae,30,165.5812749825,-21.4841938019
48,83288,3158,Calophyllum caledonicum,30,165.5812749825,-21.4841938019
48,83289,8247,Diospyros flavocarpa,30,165.5812749825,-21.4841938019
48,83290,4032,Diospyros samoensis,30,165.5812749825,-21.4841938019
48,83291,8916,Elaeocarpus yateensis,30,165.5812749825,-21.4841938019
48,83292,2928,Baloghia bureavii,30,165.5812749825,-21.4841938019
48,83293,1261,Archidendropsis granulosa,30,165.5812749825,-21.4841938019
48,83294,3571,Cryptocarya macrodesme,30,165.5812749825,-21.4841938019
48,83295,7658,Syzygium macranthum,30,165.5812749825,-21.4841938019
48,83296,7635,Syzygium baladense,30,165.5812749825,-21.4841938019
48,83297,9805,Myrsine asymmetrica (Mez) Ricketson & Pipoly subsp. asymmetrica,30,165.5812749825,-21.4841938019
48,83298,5456,Gardenia aubryi,30,165.5812749825,-21.4841938019
48,83299,7936,Pycnandra balansae,30,165.5812749825,-21.4841938019
48,83300,5468,Gastrolepis austrocaledonica,30,165.5812749825,-21.4841938019
49,83301,1101,Plerandra veilloniorum,30,164.6839196607,-20.4858970642
49,83302,6273,Plerandra gabriellae,30,164.6839196607,-20.4858970642
49,83303,3359,Agathis moorei,30,164.6839196607,-20.4858970642
49,83304,5360,Garcinia neglecta,30,164.6839196607,-20.4858970642
49,83305,7759,Weinmannia serrata,30,164.6839196607,-20.4858970642
49,83306,8259,Diospyros oubatchensis,30,164.6839196607,-20.4858970642
49,83307,8896,Elaeocarpus bullatus,30,164.6839196607,-20.4858970642
49,83308,8728,Sloanea montana,30,164.6839196607,-20.4858970642
50,83309,174,Huberantha nitidissima,30,164.6732501686,-20.4727220535
50,83310,8015,Tabernaemontana cerifera,30,164.6732501686,-20.4727220535
50,83311,6273,Plerandra gabriellae,30,164.6732501686,-20.4727220535
50,83312,3158,Calophyllum caledonicum,30,164.6732501686,-20.4727220535
50,83313,5475,Geissois montana,30,164.6732501686,-20.4727220535
50,83314,5450,Garcinia pedicellata,30,164.6732501686,-20.4727220535
50,83315,5964,Macaranga corymbosa,30,164.6732501686,-20.4727220535
50,83316,1261,Archidendropsis granulosa,30,164.6732501686,-20.4727220535
50,83317,3564,Cryptocarya elliptica,30,164.6732501686,-20.4727220535
50,83318,6869,Neuburgia novocaledonica,30,164.6732501686,-20.4727220535
50,83319,7848,Dysoxylum bijugum,30,164.6732501686,-20.4727220535
50,83320,9894,Metrosideros laurifolia Brongn. & Gris var. laurifolia,30,164.6732501686,-20.4727220535
51,83321,6728,Melaleuca quinquenervia,30,164.6820689365,-20.4725503922
51,83322,4998,Ficus habrophylla,30,164.6820689365,-20.4725503922
51,83323,4991,Ficus austrocaledonica,30,164.6820689365,-20.4725503922
51,83324,2939,Barringtonia neocaledonica,30,164.6820689365,-20.4725503922
51,83325,9595,Barringtonia integrifolia,30,164.6820689365,-20.4725503922
51,83326,3564,Cryptocarya elliptica,30,164.6820689365,-20.4725503922
51,83327,3561,Cryptocarya aristata,30,164.6820689365,-20.4725503922
51,83328,5093,Fagraea berteroana,30,164.6820689365,-20.4725503922
51,83329,1261,Archidendropsis granulosa,30,164.6820689365,-20.4725503922
51,83330,2528,Archidendropsis fournieri (Vieill.) I.C.Nielsen var. fournieri,30,164.6820689365,-20.4725503922
51,83331,5964,Macaranga corymbosa,30,164.6820689365,-20.4725503922
51,83332,5239,Garcinia amplexicaulis,30,164.6820689365,-20.4725503922
51,83333,5450,Garcinia pedicellata,30,164.6820689365,-20.4725503922
51,83334,9765,Gymnostoma webbianum,30,164.6820689365,-20.4725503922
51,83335,3158,Calophyllum caledonicum,30,164.6820689365,-20.4725503922
51,83336,6273,Plerandra gabriellae,30,164.6820689365,-20.4725503922
51,83337,174,Huberantha nitidissima,30,164.6820689365,-20.4725503922
52,83338,8748,Storthocalyx sordidus,30,165.2401186153,-20.9569787979
52,83339,6273,Plerandra gabriellae,30,165.2401186153,-20.9569787979
52,83340,7658,Syzygium macranthum,30,165.2401186153,-20.9569787979
54,83341,2212,Aleurites moluccana,30,165.2253243886,-21.4760345221
54,83342,5975,Mammea neurophylla,30,165.2253243886,-21.4760345221
54,83343,9358,Casuarina collina,30,165.2253243886,-21.4760345221
54,83344,7541,Semecarpus atra,30,165.2253243886,-21.4760345221
54,83345,4998,Ficus habrophylla,30,165.2253243886,-21.4760345221
54,83359,9631,Syzygium pennelii,30,165.2253243886,-21.4760345221
55,83346,9555,Albizia guillainii,30,165.2266118489,-21.4765495062
55,83347,1733,Arytera chartacea,30,165.2266118489,-21.4765495062
55,83348,4013,Diospyros fasciculosa,30,165.2266118489,-21.4765495062
55,83349,9447,Diospyros pustulata,30,165.2266118489,-21.4765495062
55,83350,8375,Homalium deplanchei,30,165.2266118489,-21.4765495062
55,83351,7256,Pisonia artensis,30,165.2266118489,-21.4765495062
56,83352,5975,Mammea neurophylla,30,165.2344913408,-21.4814043045
56,83353,9623,Syzygium aggregatum,30,165.2344913408,-21.4814043045
56,83354,2212,Aleurites moluccana,30,165.2344913408,-21.4814043045
56,83355,9333,Oxera sulfurea,30,165.2344913408,-21.4814043045
56,83356,9456,Acacia spirorbis,30,165.2344913408,-21.4814043045
56,83357,7256,Pisonia artensis,30,165.2344913408,-21.4814043045
56,83358,4013,Diospyros fasciculosa,30,165.2344913408,-21.4814043045
57,83360,9497,Croton insularis,4,164.9052823707,-21.0000014305
57,83361,4013,Diospyros fasciculosa,4,164.9052823707,-21.0000014305
57,83362,2422,Arthroclianthus,4,164.9052823707,-21.0000014305
57,83363,3329,Claoxylon insulanum,4,164.9052823707,-21.0000014305
57,83364,5489,Acronychia laevis,4,164.9052823707,-21.0000014305
57,83365,8030,Eugenia brongniartiana,4,164.9052823707,-21.0000014305
57,83366,8035,Eugenia gacognei,4,164.9052823707,-21.0000014305
57,83367,2939,Barringtonia neocaledonica,4,164.9052823707,-21.0000014305
57,83368,1733,Arytera chartacea,4,164.9052823707,-21.0000014305
57,83369,4998,Ficus habrophylla,4,164.9052823707,-21.0000014305
58,83370,2150,Pandanus,4,164.9917066656,-21.2246900797
58,83371,2939,Barringtonia neocaledonica,4,164.9917066656,-21.2246900797
58,83372,7658,Syzygium macranthum,4,164.9917066656,-21.2246900797
58,83373,5298,Dysoxylum rufescens Vieill. ex Pancher & Sebert subsp. rufescens,4,164.9917066656,-21.2246900797
58,83374,1938,Hypserpa,4,164.9917066656,-21.2246900797
58,83375,9882,Plerandra pouemboutensis,4,164.9917066656,-21.2246900797
58,83376,1988,Metrosideros,4,164.9917066656,-21.2246900797
58,83377,3158,Calophyllum caledonicum,4,164.9917066656,-21.2246900797
58,83378,5360,Garcinia neglecta,4,164.9917066656,-21.2246900797
58,83379,8750,Syzygium longifolium,4,164.9917066656,-21.2246900797
59,83380,9704,Acropogon jaffrei,4,165.0613654777,-21.2883388996
59,83381,9685,Araucaria columnaris,4,165.0613654777,-21.2883388996
59,83382,3158,Calophyllum caledonicum,4,165.0613654777,-21.2883388996
59,83383,9459,Alphandia furfuracea,4,165.0613654777,-21.2883388996
59,83384,5360,Garcinia neglecta,4,165.0613654777,-21.2883388996
59,83385,9501,Dacrycarpus vieillardii,4,165.0613654777,-21.2883388996
59,83386,5293,Cupaniopsis fruticosa,4,165.0613654777,-21.2883388996
59,83387,9741,Pichonia daenikeri,4,165.0613654777,-21.2883388996
59,83388,7934,Pycnandra gordoniifolia,4,165.0613654777,-21.2883388996
61,88882,7811,Deplanchea speciosa,30,164.4802648947,-20.7897055149
61,88883,7605,Storthocalyx leioneurus,30,164.4802648947,-20.7897055149
61,88884,9892,Oxera baladica,30,164.4802648947,-20.7897055149
61,88885,9573,Terminalia gatopensis,30,164.4802648947,-20.7897055149
62,88886,9735,Podonephelium cristagalli,4,164.9048800394,-20.9988319874
62,88887,2939,Barringtonia neocaledonica,4,164.9048800394,-20.9988319874
62,88888,9540,Mimusops elengi,4,164.9048800394,-20.9988319874
62,88889,4013,Diospyros fasciculosa,4,164.9048800394,-20.9988319874
62,88890,4032,Diospyros samoensis,4,164.9048800394,-20.9988319874
62,88891,7848,Dysoxylum bijugum,4,164.9048800394,-20.9988319874
62,88892,2212,Aleurites moluccana,4,164.9048800394,-20.9988319874
62,88893,6793,Meryta balansae,4,164.9048800394,-20.9988319874
62,88894,2422,Arthroclianthus,4,164.9048800394,-20.9988319874
62,88895,8030,Eugenia brongniartiana,4,164.9048800394,-20.9988319874
62,88896,4386,Celtis conferta,4,164.9048800394,-20.9988319874
62,88897,4792,Dendrocnide peltata,4,164.9048800394,-20.9988319874
62,88898,6694,Storckiella pancheri,4,164.9048800394,-20.9988319874
62,88899,1261,Archidendropsis granulosa,4,164.9048800394,-20.9988319874
62,88900,174,Huberantha nitidissima,4,164.9048800394,-20.9988319874
62,88901,5315,Polyscias bracteata (R.Vig.) Lowry subsp. bracteata,4,164.9048800394,-20.9988319874
62,88902,7541,Semecarpus atra,4,164.9048800394,-20.9988319874
62,88903,2623,Bischofia javanica,4,164.9048800394,-20.9988319874
62,88904,7711,Tetracera billardierei,4,164.9048800394,-20.9988319874
62,88905,6975,Oxera robusta,4,164.9048800394,-20.9988319874
62,88906,2593,Arytera arcuata,4,164.9048800394,-20.9988319874
62,88907,6608,Guioa villosa,4,164.9048800394,-20.9988319874
63,88908,6721,Meiogyne baillonii,4,165.523417,-21.172646
63,88909,5456,Gardenia aubryi,4,165.523417,-21.172646
63,88910,2282,Alstonia lenormandii,4,165.523417,-21.172646
63,88911,7885,Alstonia costata,4,165.523417,-21.172646
63,88912,2263,Alphitonia neocaledonica,4,165.523417,-21.172646
63,88913,3571,Cryptocarya macrodesme,4,165.523417,-21.172646
63,88914,9400,Duboisia myoporoides,4,165.523417,-21.172646
63,88915,5257,Archidendropsis streptocarpa,4,165.523417,-21.172646
63,88916,5961,Macaranga alchorneoides,4,165.523417,-21.172646
63,88917,3221,Sparattosyce dioica,4,165.523417,-21.172646
63,88918,6273,Plerandra gabriellae,4,165.523417,-21.172646
63,88919,9434,Geissois magnifica,4,165.523417,-21.172646
63,88920,5608,Hernandia cordigera,4,165.523417,-21.172646
63,88921,3556,Crossostylis grandiflora,4,165.523417,-21.172646
63,88922,6374,Garcinia puat,4,165.523417,-21.172646
63,88923,5360,Garcinia neglecta,4,165.523417,-21.172646
63,88924,4432,Cleidion vieillardii,4,165.523417,-21.172646
63,88925,6844,Myodocarpus vieillardii,4,165.523417,-21.172646
63,88926,5293,Cupaniopsis fruticosa,4,165.523417,-21.172646
63,88927,4991,Ficus austrocaledonica,4,165.523417,-21.172646
63,88928,6858,Basselinia gracilis,4,165.523417,-21.172646
63,88929,3338,Cleistanthus stipitatus,4,165.523417,-21.172646
64,88930,5478,Geissois trifoliolata,4,164.9238700792,-20.948985815
64,88931,5298,Dysoxylum rufescens Vieill. ex Pancher & Sebert subsp. rufescens,4,164.9238700792,-20.948985815
64,88932,2155,Quintinia,4,164.9238700792,-20.948985815
64,88933,6605,Guioa microsepala,4,164.9238700792,-20.948985815
64,88934,4991,Ficus austrocaledonica,4,164.9238700792,-20.948985815
64,88935,3580,Cryptocarya velutinosa,4,164.9238700792,-20.948985815
64,88936,5662,Hibbertia lucens,4,164.9238700792,-20.948985815
64,88937,8772,Tapeinosperma pancheri,4,164.9238700792,-20.948985815
64,88938,3321,Acropogon schumannianus,4,164.9238700792,-20.948985815
64,88939,5183,Freycinetia arborea,4,164.9238700792,-20.948985815
64,88940,6675,Rauvolfia balansae,4,164.9238700792,-20.948985815
64,88941,6793,Meryta balansae,4,164.9238700792,-20.948985815
64,88942,1851,Myrsine asymmetrica,4,164.9238700792,-20.948985815
64,88943,6816,Austrotaxus spicata,4,164.9238700792,-20.948985815
64,88944,6709,Polyscias bracteata,4,164.9238700792,-20.948985815
65,88945,9685,Araucaria columnaris,30,165.5585865321,-21.4919389486
65,88946,5477,Geissois racemosa,30,165.5585865321,-21.4919389486
65,88947,4998,Ficus habrophylla,30,165.5585865321,-21.4919389486
65,88948,5123,Ficus obliqua,30,165.5585865321,-21.4919389486
65,88949,7850,Elaeocarpus angustifolius,30,165.5585865321,-21.4919389486
65,88950,7859,Elattostachys apetala,30,165.5585865321,-21.4919389486
65,88952,9456,Acacia spirorbis,30,165.5585865321,-21.4919389486
65,88953,2919,Balanops pachyphylla,30,165.5585865321,-21.4919389486
65,88954,7541,Semecarpus atra,30,165.5585865321,-21.4919389486
66,88955,9456,Acacia spirorbis,4,165.976438467,-21.473557251
66,88956,8536,Tristaniopsis guillainii,4,165.976438467,-21.473557251
66,88957,4473,Cloezia artensis,4,165.976438467,-21.473557251
66,88958,9416,Homalium austrocaledonicum,4,165.976438467,-21.473557251
66,88959,9814,Grevillea exul Lindl. subsp. exul,4,165.976438467,-21.473557251
66,88960,9699,Stenocarpus milnei,4,165.976438467,-21.473557251
66,88961,2263,Alphitonia neocaledonica,4,165.976438467,-21.473557251
66,88962,5521,Gymnostoma deplancheanum,4,165.976438467,-21.473557251
67,88963,9416,Homalium austrocaledonicum,4,165.990260895,-21.478747828
67,88964,7604,Storthocalyx chryseus,4,165.990260895,-21.478747828
67,88965,5293,Cupaniopsis fruticosa,4,165.990260895,-21.478747828
67,88966,7577,Soulamea tomentosa,4,165.990260895,-21.478747828
67,88967,6676,Rauvolfia semperflorens,4,165.990260895,-21.478747828
67,88968,5521,Gymnostoma deplancheanum,4,165.990260895,-21.478747828
67,88969,7811,Deplanchea speciosa,4,165.990260895,-21.478747828
67,88970,9739,Pichonia balansae,4,165.990260895,-21.478747828
67,88971,3385,Codia discolor,4,165.990260895,-21.478747828
67,88972,8570,Neisosperma miana,4,165.990260895,-21.478747828
67,88973,7645,Syzygium densiflorum,4,165.990260895,-21.478747828
67,88974,9456,Acacia spirorbis,4,165.990260895,-21.478747828
67,88975,2263,Alphitonia neocaledonica,4,165.990260895,-21.478747828
67,88976,6295,Polyscias bracteata subsp. subincisa,4,165.990260895,-21.478747828
68,88977,4013,Diospyros fasciculosa,4,164.9102738779,-21.0373029113
68,88978,9540,Mimusops elengi,4,164.9102738779,-21.0373029113
68,88979,7848,Dysoxylum bijugum,4,164.9102738779,-21.0373029113
68,88980,9497,Croton insularis,4,164.9102738779,-21.0373029113
68,88981,9353,Cupaniopsis globosa,4,164.9102738779,-21.0373029113
68,88982,9547,Premna serratifolia,4,164.9102738779,-21.0373029113
68,88983,9975,Capparis,4,164.9102738779,-21.0373029113
68,88984,5128,Ficus prolixa,4,164.9102738779,-21.0373029113
69,88985,7850,Elaeocarpus angustifolius,4,165.2077586018,-21.2607067823
69,88986,4013,Diospyros fasciculosa,4,165.2077586018,-21.2607067823
69,88987,2212,Aleurites moluccana,4,165.2077586018,-21.2607067823
69,88988,5477,Geissois racemosa,4,165.2077586018,-21.2607067823
69,88989,1261,Archidendropsis granulosa,4,165.2077586018,-21.2607067823
69,88990,4061,Dysoxylum roseum,4,165.2077586018,-21.2607067823
69,88991,9332,Euroschinus obtusifolius Engl. var. obtusifolius,4,165.2077586018,-21.2607067823
69,88992,7859,Elattostachys apetala,4,165.2077586018,-21.2607067823
69,88993,6374,Garcinia puat,4,165.2077586018,-21.2607067823
69,88994,5489,Acronychia laevis,4,165.2077586018,-21.2607067823
69,88995,5315,Polyscias bracteata (R.Vig.) Lowry subsp. bracteata,4,165.2077586018,-21.2607067823
69,88996,7541,Semecarpus atra,4,165.2077586018,-21.2607067823
69,88997,4998,Ficus habrophylla,4,165.2077586018,-21.2607067823
69,88998,6885,Olea paniculata,4,165.2077586018,-21.2607067823
69,88999,8030,Eugenia brongniartiana,4,165.2077586018,-21.2607067823
69,89000,3390,Codiaeum peltatum,4,165.2077586018,-21.2607067823
69,89001,9882,Plerandra pouemboutensis,4,165.2077586018,-21.2607067823
69,89002,6273,Plerandra gabriellae,4,165.2077586018,-21.2607067823
69,89003,9385,Ficus virgata,4,165.2077586018,-21.2607067823
69,89004,5093,Fagraea berteroana,4,165.2077586018,-21.2607067823
69,89005,6793,Meryta balansae,4,165.2077586018,-21.2607067823
70,89006,7723,Trema cannabina,4,165.2041107975,-21.2694239616
70,89007,9456,Acacia spirorbis,4,165.2041107975,-21.2694239616
70,89008,7541,Semecarpus atra,4,165.2041107975,-21.2694239616
70,89009,4013,Diospyros fasciculosa,4,165.2041107975,-21.2694239616
70,89010,7859,Elattostachys apetala,4,165.2041107975,-21.2694239616
70,89011,6221,Albizia saman,4,165.2041107975,-21.2694239616
70,89012,9492,Commersonia bartramia,4,165.2041107975,-21.2694239616
71,89013,7541,Semecarpus atra,4,165.2047987422,-21.2754803896
71,89014,1261,Archidendropsis granulosa,4,165.2047987422,-21.2754803896
71,89015,6694,Storckiella pancheri,4,165.2047987422,-21.2754803896
71,89016,2212,Aleurites moluccana,4,165.2047987422,-21.2754803896
71,89017,7859,Elattostachys apetala,4,165.2047987422,-21.2754803896
71,89018,3302,Symplocos montana var. tortuosa,4,165.2047987422,-21.2754803896
71,89019,6885,Olea paniculata,4,165.2047987422,-21.2754803896
71,89020,5315,Polyscias bracteata (R.Vig.) Lowry subsp. bracteata,4,165.2047987422,-21.2754803896
71,89021,3390,Codiaeum peltatum,4,165.2047987422,-21.2754803896
71,89022,4013,Diospyros fasciculosa,4,165.2047987422,-21.2754803896
71,89023,8225,Cupaniopsis sylvatica,4,165.2047987422,-21.2754803896
72,89024,9546,Semecarpus poyaensis,4,165.239264,-21.357613
72,89025,7771,Xylopia pancheri,4,165.239264,-21.357613
72,89026,5293,Cupaniopsis fruticosa,4,165.239264,-21.357613
72,89027,9387,Archidendropsis paivana,4,165.239264,-21.357613
72,89028,5072,Erythroxylum novocaledonicum,4,165.239264,-21.357613
72,89029,2588,Cerberiopsis candelabra Vieill. var. candelabra,4,165.239264,-21.357613
72,89030,9359,Codia nitida,4,165.239264,-21.357613
72,89031,6509,Maxwellia lepidota,4,165.239264,-21.357613
72,89032,6155,Acridocarpus austrocaledonicus,4,165.239264,-21.357613
72,89033,5360,Garcinia neglecta,4,165.239264,-21.357613
72,89034,9456,Acacia spirorbis,4,165.239264,-21.357613
72,89035,5922,Beauprea,4,165.239264,-21.357613
72,89036,6694,Storckiella pancheri,4,165.239264,-21.357613
72,89037,8375,Homalium deplanchei,4,165.239264,-21.357613
72,89038,9573,Terminalia gatopensis,4,165.239264,-21.357613
72,89039,7613,Styphelia cymbulae,4,165.239264,-21.357613
72,89040,9956,Psydrax,4,165.239264,-21.357613
72,89041,9775,Hunga mackeeana,4,165.239264,-21.357613
72,89042,9870,Pycnandra filipes,4,165.239264,-21.357613
72,89043,9791,Pleioluma crebrifolia,4,165.239264,-21.357613
72,89044,9749,Pycnandra kaalaensis,4,165.239264,-21.357613
73,89045,3158,Calophyllum caledonicum,4,165.240654,-21.357905
73,89046,8015,Tabernaemontana cerifera,4,165.240654,-21.357905
73,89047,2212,Aleurites moluccana,4,165.240654,-21.357905
73,89048,6387,Geissois pruinosa,4,165.240654,-21.357905
73,89049,9763,Gymnostoma chamaecyparis,4,165.240654,-21.357905
73,89050,9546,Semecarpus poyaensis,4,165.240654,-21.357905
73,89051,4432,Cleidion vieillardii,4,165.240654,-21.357905
73,89052,9387,Archidendropsis paivana,4,165.240654,-21.357905
73,89053,5298,Dysoxylum rufescens Vieill. ex Pancher & Sebert subsp. rufescens,4,165.240654,-21.357905
73,89054,6509,Maxwellia lepidota,4,165.240654,-21.357905
73,89055,7604,Storthocalyx chryseus,4,165.240654,-21.357905
73,89056,3572,Cryptocarya odorata,4,165.240654,-21.357905
74,89057,7541,Semecarpus atra,4,165.1849759184,-21.3396817446
74,89058,2939,Barringtonia neocaledonica,4,165.1849759184,-21.3396817446
74,89059,4013,Diospyros fasciculosa,4,165.1849759184,-21.3396817446
74,89060,5360,Garcinia neglecta,4,165.1849759184,-21.3396817446
74,89061,9329,Solanum mauritianum,4,165.1849759184,-21.3396817446
74,89062,9345,Cupaniopsis trigonocarpa,4,165.1849759184,-21.3396817446
75,89063,7435,Pycnandra vieillardii,4,165.197125,-20.875905
75,89064,7772,Xylopia vieillardii,4,165.197125,-20.875905
75,89065,7936,Pycnandra balansae,4,165.197125,-20.875905
75,89066,6842,Myodocarpus pinnatus,4,165.197125,-20.875905
75,89067,3564,Cryptocarya elliptica,4,165.197125,-20.875905
75,89068,7541,Semecarpus atra,4,165.197125,-20.875905
75,89069,3402,Comptonella drupacea,4,165.197125,-20.875905
75,89070,6869,Neuburgia novocaledonica,4,165.197125,-20.875905
75,89071,3556,Crossostylis grandiflora,4,165.197125,-20.875905
75,89072,2588,Cerberiopsis candelabra Vieill. var. candelabra,4,165.197125,-20.875905
75,89073,3994,Dicarpellum baillonianum,4,165.197125,-20.875905
75,89074,1808,Myrsine citrifolia,4,165.197125,-20.875905
75,89075,8038,Eugenia mouensis,4,165.197125,-20.875905
75,89076,5564,Hedycarya cupulata,4,165.197125,-20.875905
75,89077,9886,Storthocalyx corymbosus,4,165.197125,-20.875905
75,89078,6601,Antirhea wagapensis,4,165.197125,-20.875905
75,89079,7287,Burretiokentia vieillardii,4,165.197125,-20.875905
75,89080,6858,Basselinia gracilis,4,165.197125,-20.875905
75,89081,7690,Syzygium wagapense,4,165.197125,-20.875905
75,89082,9358,Casuarina collina,4,165.197125,-20.875905
75,89083,3321,Acropogon schumannianus,4,165.197125,-20.875905
75,89084,4998,Ficus habrophylla,4,165.197125,-20.875905
75,89085,8253,Diospyros macrocarpa,4,165.197125,-20.875905
75,89086,7685,Syzygium toninense,4,165.197125,-20.875905
75,89087,7245,Piliocalyx bullatus,4,165.197125,-20.875905
75,89088,7508,Schefflera candelabrum,4,165.197125,-20.875905
76,89089,6995,Pancheria gatopensis,4,165.199697,-20.874919
76,89090,9585,Deplanchea sessilifolia,4,165.199697,-20.874919
76,89091,9763,Gymnostoma chamaecyparis,4,165.199697,-20.874919
76,89092,2852,Austrobuxus carunculatus,4,165.199697,-20.874919
76,89093,5473,Geissois hirsuta,4,165.199697,-20.874919
76,89094,4473,Cloezia artensis,4,165.199697,-20.874919
76,89095,2588,Cerberiopsis candelabra Vieill. var. candelabra,4,165.199697,-20.874919
76,89096,9358,Casuarina collina,4,165.199697,-20.874919
76,89097,5662,Hibbertia lucens,4,165.199697,-20.874919
76,89098,2263,Alphitonia neocaledonica,4,165.199697,-20.874919
76,89099,4991,Ficus austrocaledonica,4,165.199697,-20.874919
77,89100,3556,Crossostylis grandiflora,4,165.349013,-20.946956
77,89101,174,Huberantha nitidissima,4,165.349013,-20.946956
77,89102,3390,Codiaeum peltatum,4,165.349013,-20.946956
77,89103,9385,Ficus virgata,4,165.349013,-20.946956
77,89104,3338,Cleistanthus stipitatus,4,165.349013,-20.946956
77,89105,5755,Hugonia jenkinsii,4,165.349013,-20.946956
77,89106,7249,Piliocalyx wagapensis,4,165.349013,-20.946956
77,89107,6374,Garcinia puat,4,165.349013,-20.946956
77,89108,9595,Barringtonia integrifolia,4,165.349013,-20.946956
77,89109,5964,Macaranga corymbosa,4,165.349013,-20.946956
77,89110,2694,Phyllanthus billardierei,4,165.349013,-20.946956
77,89111,5608,Hernandia cordigera,4,165.349013,-20.946956
77,89112,9488,Cerbera manghas,4,165.349013,-20.946956
77,89113,6273,Plerandra gabriellae,4,165.349013,-20.946956
77,89114,2212,Aleurites moluccana,4,165.349013,-20.946956
77,89115,5477,Geissois racemosa,4,165.349013,-20.946956
77,89116,6483,Antirhea baladensis,4,165.349013,-20.946956
77,89117,5315,Polyscias bracteata (R.Vig.) Lowry subsp. bracteata,4,165.349013,-20.946956
77,89118,4032,Diospyros samoensis,4,165.349013,-20.946956
77,89119,7859,Elattostachys apetala,4,165.349013,-20.946956
77,89120,7885,Alstonia costata,4,165.349013,-20.946956
77,89121,5564,Hedycarya cupulata,4,165.349013,-20.946956
77,89122,3329,Claoxylon insulanum,4,165.349013,-20.946956
78,89123,9890,Pycnandra poindimiensis,4,165.3527,-20.94486
78,89124,6694,Storckiella pancheri,4,165.3527,-20.94486
78,89125,3556,Crossostylis grandiflora,4,165.3527,-20.94486
78,89126,7541,Semecarpus atra,4,165.3527,-20.94486
78,89127,8261,Diospyros parviflora,4,165.3527,-20.94486
78,89128,2852,Austrobuxus carunculatus,4,165.3527,-20.94486
78,89129,6374,Garcinia puat,4,165.3527,-20.94486
78,89130,3402,Comptonella drupacea,4,165.3527,-20.94486
78,89131,6858,Basselinia gracilis,4,165.3527,-20.94486
78,89132,9806,Archidendropsis paivana subsp. balansae,4,165.3527,-20.94486
78,89133,5564,Hedycarya cupulata,4,165.3527,-20.94486
78,89134,3931,Delarbrea harmsii,4,165.3527,-20.94486
78,89135,9385,Ficus virgata,4,165.3527,-20.94486
78,89136,7885,Alstonia costata,4,165.3527,-20.94486
78,89137,9492,Commersonia bartramia,4,165.3527,-20.94486
78,89138,5183,Freycinetia arborea,4,165.3527,-20.94486
78,89139,4998,Ficus habrophylla,4,165.3527,-20.94486
78,89140,5093,Fagraea berteroana,4,165.3527,-20.94486
78,89141,7621,Symplocos arborea,4,165.3527,-20.94486
78,89142,2694,Phyllanthus billardierei,4,165.3527,-20.94486
78,89143,9488,Cerbera manghas,4,165.3527,-20.94486
78,89144,7850,Elaeocarpus angustifolius,4,165.3527,-20.94486
78,89145,3338,Cleistanthus stipitatus,4,165.3527,-20.94486
79,89146,7859,Elattostachys apetala,4,165.3601983469,-21.329677105
79,89147,6273,Plerandra gabriellae,4,165.3601983469,-21.329677105
79,89148,6885,Olea paniculata,4,165.3601983469,-21.329677105
79,89149,5123,Ficus obliqua,4,165.3601983469,-21.329677105
79,89150,6694,Storckiella pancheri,4,165.3601983469,-21.329677105
79,89151,4998,Ficus habrophylla,4,165.3601983469,-21.329677105
79,89152,2150,Pandanus,4,165.3601983469,-21.329677105
79,89153,2193,Agatea rufotomentosa,4,165.3601983469,-21.329677105
79,89154,7541,Semecarpus atra,4,165.3601983469,-21.329677105
79,89155,8053,Cupaniopsis petiolulata,4,165.3601983469,-21.329677105
79,89156,9358,Casuarina collina,4,165.3601983469,-21.329677105
79,89157,3564,Cryptocarya elliptica,4,165.3601983469,-21.329677105
79,89158,6374,Garcinia puat,4,165.3601983469,-21.329677105
79,89159,4013,Diospyros fasciculosa,4,165.3601983469,-21.329677105
80,89160,8783,Tapeinosperma wagapense,4,165.374775,-21.332625
80,89161,5565,Hedycarya engleriana,4,165.374775,-21.332625
80,89162,8015,Tabernaemontana cerifera,4,165.374775,-21.332625
80,89163,5093,Fagraea berteroana,4,165.374775,-21.332625
80,89164,3556,Crossostylis grandiflora,4,165.374775,-21.332625
80,89165,6374,Garcinia puat,4,165.374775,-21.332625
80,89166,7599,Chambeyronia macrocarpa,4,165.374775,-21.332625
80,89167,9119,Dicksonia thyrsopteroides,4,165.374775,-21.332625
80,89168,6793,Meryta balansae,4,165.374775,-21.332625
80,89169,6728,Melaleuca quinquenervia,4,165.374775,-21.332625
80,89170,6273,Plerandra gabriellae,4,165.374775,-21.332625
80,89171,5477,Geissois racemosa,4,165.374775,-21.332625
80,89172,8253,Diospyros macrocarpa,4,165.374775,-21.332625
80,89173,8225,Cupaniopsis sylvatica,4,165.374775,-21.332625
80,89174,7917,Spiraeanthemum densiflorum,4,165.374775,-21.332625
80,89175,6608,Guioa villosa,4,165.374775,-21.332625
80,89176,2623,Bischofia javanica,4,165.374775,-21.332625
80,89177,5133,Ficus racemigera,4,165.374775,-21.332625
80,89178,4998,Ficus habrophylla,4,165.374775,-21.332625
80,89179,2694,Phyllanthus billardierei,4,165.374775,-21.332625
80,89180,9629,Syzygium lateriflorum,4,165.374775,-21.332625
80,89181,5489,Acronychia laevis,4,165.374775,-21.332625
80,89182,6606,Guioa ovalis,4,165.374775,-21.332625
80,89183,6975,Oxera robusta,4,165.374775,-21.332625
80,89184,7541,Semecarpus atra,4,165.374775,-21.332625
81,89185,9488,Cerbera manghas,21,165.095687,-21.352837
81,89186,3390,Codiaeum peltatum,21,165.095687,-21.352837
81,89187,5128,Ficus prolixa,21,165.095687,-21.352837
81,89188,9709,Gardenia urvillei,21,165.095687,-21.352837
81,89189,9540,Mimusops elengi,21,165.095687,-21.352837
81,89190,7541,Semecarpus atra,21,165.095687,-21.352837
81,89191,2694,Phyllanthus billardierei,21,165.095687,-21.352837
81,89192,9547,Premna serratifolia,21,165.095687,-21.352837
81,89204,9723,Arytera collina,21,165.095687,-21.352837
81,89205,3338,Cleistanthus stipitatus,21,165.095687,-21.352837
81,89206,7848,Dysoxylum bijugum,21,165.095687,-21.352837
81,89207,8375,Homalium deplanchei,21,165.095687,-21.352837
81,89208,9815,Denhamia fournieri (Pancher & Sebert) M.P.Simmons subsp. fournieri,21,165.095687,-21.352837
81,89209,7256,Pisonia artensis,21,165.095687,-21.352837
81,89210,9566,Streblus pendulinus,21,165.095687,-21.352837
82,89193,2593,Arytera arcuata,21,165.056937,-21.353373
82,89194,9723,Arytera collina,21,165.056937,-21.353373
82,89195,3390,Codiaeum peltatum,21,165.056937,-21.353373
82,89196,9345,Cupaniopsis trigonocarpa,21,165.056937,-21.353373
82,89197,9709,Gardenia urvillei,21,165.056937,-21.353373
82,89198,5975,Mammea neurophylla,21,165.056937,-21.353373
82,89199,7256,Pisonia artensis,21,165.056937,-21.353373
82,89200,7541,Semecarpus atra,21,165.056937,-21.353373
83,89201,9734,Guioa gracilis,21,165.065026,-21.366179
83,89202,9547,Premna serratifolia,21,165.065026,-21.366179
83,89203,9549,Psydrax odorata,21,165.065026,-21.366179
84,89211,3447,Celtis,21,165.089928,-21.369797
84,89212,4013,Diospyros fasciculosa,21,165.089928,-21.369797
84,89213,2694,Phyllanthus billardierei,21,165.089928,-21.369797
84,89214,9734,Guioa gracilis,21,165.089928,-21.369797
84,89215,9550,Dallachya vitiensis,21,165.089928,-21.369797
85,89216,5489,Acronychia laevis,21,165.061506,-21.315749
85,89217,2268,Alstonia balansae,21,165.061506,-21.315749
85,89218,2593,Arytera arcuata,21,165.061506,-21.315749
85,89219,9358,Casuarina collina,21,165.061506,-21.315749
85,89220,9445,Diospyros minimifolia,21,165.061506,-21.315749
85,89221,9709,Gardenia urvillei,21,165.061506,-21.315749
85,89222,2694,Phyllanthus billardierei,21,165.061506,-21.315749
85,89223,6728,Melaleuca quinquenervia,21,165.061506,-21.315749
85,89224,174,Huberantha nitidissima,21,165.061506,-21.315749
85,89225,9550,Dallachya vitiensis,21,165.061506,-21.315749
85,89226,7541,Semecarpus atra,21,165.061506,-21.315749
86,89227,2263,Alphitonia neocaledonica,21,165.006885,-21.297049
86,89228,2268,Alstonia balansae,21,165.006885,-21.297049
86,89229,2852,Austrobuxus carunculatus,21,165.006885,-21.297049
86,89230,3228,Casearia silvana,21,165.006885,-21.297049
86,89231,4473,Cloezia artensis,21,165.006885,-21.297049
86,89232,5072,Erythroxylum novocaledonicum,21,165.006885,-21.297049
86,89233,8035,Eugenia gacognei,21,165.006885,-21.297049
86,89234,9709,Gardenia urvillei,21,165.006885,-21.297049
86,89235,9734,Guioa gracilis,21,165.006885,-21.297049
86,89236,2703,Halfordia kendack,21,165.006885,-21.297049
86,89237,8375,Homalium deplanchei,21,165.006885,-21.297049
86,89238,9815,Denhamia fournieri (Pancher & Sebert) M.P.Simmons subsp. fournieri,21,165.006885,-21.297049
86,89239,6654,Osmanthus austrocaledonicus,21,165.006885,-21.297049
86,89240,8015,Tabernaemontana cerifera,21,165.006885,-21.297049
86,89241,9547,Premna serratifolia,21,165.006885,-21.297049
86,89242,9549,Psydrax odorata,21,165.006885,-21.297049
86,89243,6676,Rauvolfia semperflorens,21,165.006885,-21.297049
86,89244,7613,Styphelia cymbulae,21,165.006885,-21.297049
87,89245,2268,Alstonia balansae,21,165.01393,-21.301951
87,89246,2422,Arthroclianthus,21,165.01393,-21.301951
87,89247,2593,Arytera arcuata,21,165.01393,-21.301951
87,89248,3228,Casearia silvana,21,165.01393,-21.301951
87,89249,9358,Casuarina collina,21,165.01393,-21.301951
87,89250,9488,Cerbera manghas,21,165.01393,-21.301951
87,89251,3338,Cleistanthus stipitatus,21,165.01393,-21.301951
87,89252,3390,Codiaeum peltatum,21,165.01393,-21.301951
87,89253,9345,Cupaniopsis trigonocarpa,21,165.01393,-21.301951
87,89254,9500,Cynometra ramiflora,21,165.01393,-21.301951
87,89255,4013,Diospyros fasciculosa,21,165.01393,-21.301951
87,89256,9445,Diospyros minimifolia,21,165.01393,-21.301951
87,89257,4032,Diospyros samoensis,21,165.01393,-21.301951
87,89258,7848,Dysoxylum bijugum,21,165.01393,-21.301951
87,89259,8035,Eugenia gacognei,21,165.01393,-21.301951
87,89260,9523,Fontainea pancheri,21,165.01393,-21.301951
87,89261,9709,Gardenia urvillei,21,165.01393,-21.301951
87,89262,2694,Phyllanthus billardierei,21,165.01393,-21.301951
87,89263,9734,Guioa gracilis,21,165.01393,-21.301951
87,89264,9539,Micromelum minutum,21,165.01393,-21.301951
87,89265,9540,Mimusops elengi,21,165.01393,-21.301951
87,89266,7309,Pleurostylia opposita,21,165.01393,-21.301951
87,89267,9736,Podonephelium davidsonii,21,165.01393,-21.301951
87,89268,9547,Premna serratifolia,21,165.01393,-21.301951
87,89269,9549,Psydrax odorata,21,165.01393,-21.301951
87,89270,9550,Dallachya vitiensis,21,165.01393,-21.301951
88,89271,9455,Acacia simplex,21,164.942395,-21.286071
88,89272,9456,Acacia spirorbis,21,164.942395,-21.286071
88,89273,2268,Alstonia balansae,21,164.942395,-21.286071
88,89274,2593,Arytera arcuata,21,164.942395,-21.286071
88,89275,9723,Arytera collina,21,164.942395,-21.286071
88,89276,3228,Casearia silvana,21,164.942395,-21.286071
88,89277,9358,Casuarina collina,21,164.942395,-21.286071
88,89278,4386,Celtis conferta,21,164.942395,-21.286071
88,89279,9488,Cerbera manghas,21,164.942395,-21.286071
88,89280,3338,Cleistanthus stipitatus,21,164.942395,-21.286071
88,89281,9497,Croton insularis,21,164.942395,-21.286071
88,89282,4013,Diospyros fasciculosa,21,164.942395,-21.286071
88,89283,9445,Diospyros minimifolia,21,164.942395,-21.286071
88,89284,7848,Dysoxylum bijugum,21,164.942395,-21.286071
88,89285,5072,Erythroxylum novocaledonicum,21,164.942395,-21.286071
88,89286,9523,Fontainea pancheri,21,164.942395,-21.286071
88,89287,9709,Gardenia urvillei,21,164.942395,-21.286071
88,89288,6964,Geijera,21,164.942395,-21.286071
88,89289,5773,Hybanthus caledonicus,21,164.942395,-21.286071
88,89290,9870,Pycnandra filipes,21,164.942395,-21.286071
88,89291,9540,Mimusops elengi,21,164.942395,-21.286071
88,89292,9777,Planchonella cinerea,21,164.942395,-21.286071
88,89293,7309,Pleurostylia opposita,21,164.942395,-21.286071
88,89294,9547,Premna serratifolia,21,164.942395,-21.286071
88,89295,6676,Rauvolfia semperflorens,21,164.942395,-21.286071
88,89296,9550,Dallachya vitiensis,21,164.942395,-21.286071
88,89297,9898,Santalum austrocaledonicum,21,164.942395,-21.286071
89,89298,5489,Acronychia laevis,21,164.446196,-20.287297
89,89299,9457,Aglaia elaeagnoidea,21,164.446196,-20.287297
89,89300,2422,Arthroclianthus,21,164.446196,-20.287297
89,89301,3031,Atractocarpus,21,164.446196,-20.287297
89,89302,1880,Barringtonia,21,164.446196,-20.287297
89,89303,3158,Calophyllum caledonicum,21,164.446196,-20.287297
89,89304,9488,Cerbera manghas,21,164.446196,-20.287297
89,89305,3338,Cleistanthus stipitatus,21,164.446196,-20.287297
89,89306,3390,Codiaeum peltatum,21,164.446196,-20.287297
89,89307,3556,Crossostylis grandiflora,21,164.446196,-20.287297
89,89308,9497,Croton insularis,21,164.446196,-20.287297
89,89309,9971,Cyphophoenix elegans,21,164.446196,-20.287297
89,89310,4013,Diospyros fasciculosa,21,164.446196,-20.287297
89,89311,9452,Elaeocarpus rotundifolius,21,164.446196,-20.287297
89,89312,7859,Elattostachys apetala,21,164.446196,-20.287297
89,89313,4998,Ficus habrophylla,21,164.446196,-20.287297
89,89314,9709,Gardenia urvillei,21,164.446196,-20.287297
89,89315,5477,Geissois racemosa,21,164.446196,-20.287297
89,89316,6728,Melaleuca quinquenervia,21,164.446196,-20.287297
89,89317,8015,Tabernaemontana cerifera,21,164.446196,-20.287297
89,89318,7309,Pleurostylia opposita,21,164.446196,-20.287297
89,89319,174,Huberantha nitidissima,21,164.446196,-20.287297
89,89320,7541,Semecarpus atra,21,164.446196,-20.287297
89,89321,9623,Syzygium aggregatum,21,164.446196,-20.287297
90,89322,9456,Acacia spirorbis,21,164.455761,-20.285779
90,89323,5489,Acronychia laevis,21,164.455761,-20.285779
90,89324,9457,Aglaia elaeagnoidea,21,164.455761,-20.285779
90,89325,3031,Atractocarpus,21,164.455761,-20.285779
90,89326,1384,Alstonia,21,164.455761,-20.285779
90,89327,9488,Cerbera manghas,21,164.455761,-20.285779
90,89328,2705,Cleidion vieillardii Baill. var. vieillardii,21,164.455761,-20.285779
90,89329,3338,Cleistanthus stipitatus,21,164.455761,-20.285779
90,89330,4473,Cloezia artensis,21,164.455761,-20.285779
90,89331,3390,Codiaeum peltatum,21,164.455761,-20.285779
90,89332,9497,Croton insularis,21,164.455761,-20.285779
90,89333,1970,Delarbrea,21,164.455761,-20.285779
90,89334,4013,Diospyros fasciculosa,21,164.455761,-20.285779
90,89335,8261,Diospyros parviflora,21,164.455761,-20.285779
90,89336,7859,Elattostachys apetala,21,164.455761,-20.285779
90,89337,8035,Eugenia gacognei,21,164.455761,-20.285779
90,89338,4998,Ficus habrophylla,21,164.455761,-20.285779
90,89339,5450,Garcinia pedicellata,21,164.455761,-20.285779
90,89340,9709,Gardenia urvillei,21,164.455761,-20.285779
90,89341,2694,Phyllanthus billardierei,21,164.455761,-20.285779
90,89342,7183,Hunga,21,164.455761,-20.285779
90,89343,6622,Ixora cauliflora,21,164.455761,-20.285779
90,89344,6623,Ixora collina,21,164.455761,-20.285779
90,89345,9872,Ixora opuloides,21,164.455761,-20.285779
90,89346,3426,Lethedon,21,164.455761,-20.285779
90,89347,5949,Denhamia fournieri,21,164.455761,-20.285779
90,89348,1467,Meryta,21,164.455761,-20.285779
90,89349,9540,Mimusops elengi,21,164.455761,-20.285779
90,89350,9542,Ormocarpum orientale,21,164.455761,-20.285779
90,89351,7309,Pleurostylia opposita,21,164.455761,-20.285779
90,89352,174,Huberantha nitidissima,21,164.455761,-20.285779
90,89353,9547,Premna serratifolia,21,164.455761,-20.285779
90,89354,7541,Semecarpus atra,21,164.455761,-20.285779
90,89355,392,Storckiella,21,164.455761,-20.285779
91,89356,9455,Acacia simplex,21,166.011448,-21.97927
91,89357,6221,Albizia saman,21,166.011448,-21.97927
91,89358,9458,Alectryon carinatum,21,166.011448,-21.97927
91,89359,1733,Arytera chartacea,21,166.011448,-21.97927
91,89360,9723,Arytera collina,21,166.011448,-21.97927
91,89361,3228,Casearia silvana,21,166.011448,-21.97927
91,89362,4473,Cloezia artensis,21,166.011448,-21.97927
91,89363,9497,Croton insularis,21,166.011448,-21.97927
91,89364,9447,Diospyros pustulata,21,166.011448,-21.97927
91,89365,9348,Drypetes deplanchei,21,166.011448,-21.97927
91,89366,7848,Dysoxylum bijugum,21,166.011448,-21.97927
91,89367,8035,Eugenia gacognei,21,166.011448,-21.97927
91,89368,1180,Euroschinus,21,166.011448,-21.97927
91,89369,9519,Excoecaria agallocha,21,166.011448,-21.97927
91,89370,9523,Fontainea pancheri,21,166.011448,-21.97927
91,89371,9527,Guettarda speciosa,21,166.011448,-21.97927
91,89372,9588,Hernandia nymphaeifolia,21,166.011448,-21.97927
91,89373,8375,Homalium deplanchei,21,166.011448,-21.97927
91,89374,9885,Pycnandra sclerophylla,21,166.011448,-21.97927
91,89375,9782,Planchonella luteocostata,21,166.011448,-21.97927
91,89376,9547,Premna serratifolia,21,166.011448,-21.97927
91,89377,9549,Psydrax odorata,21,166.011448,-21.97927
91,89378,7541,Semecarpus atra,21,166.011448,-21.97927
92,89379,9456,Acacia spirorbis,21,165.077224,-21.321421
92,89380,5489,Acronychia laevis,21,165.077224,-21.321421
92,89381,9704,Acropogon jaffrei,21,165.077224,-21.321421
92,89382,2212,Aleurites moluccana,21,165.077224,-21.321421
92,89383,2268,Alstonia balansae,21,165.077224,-21.321421
92,89384,2932,Baloghia inophylla,21,165.077224,-21.321421
92,89385,3158,Calophyllum caledonicum,21,165.077224,-21.321421
92,89386,9344,Casearia deplanchei,21,165.077224,-21.321421
92,89387,9488,Cerbera manghas,21,165.077224,-21.321421
92,89388,3338,Cleistanthus stipitatus,21,165.077224,-21.321421
92,89389,4473,Cloezia artensis,21,165.077224,-21.321421
92,89390,3390,Codiaeum peltatum,21,165.077224,-21.321421
92,89391,9497,Croton insularis,21,165.077224,-21.321421
92,89392,4013,Diospyros fasciculosa,21,165.077224,-21.321421
92,89393,9445,Diospyros minimifolia,21,165.077224,-21.321421
92,89394,4032,Diospyros samoensis,21,165.077224,-21.321421
92,89395,7848,Dysoxylum bijugum,21,165.077224,-21.321421
92,89396,4998,Ficus habrophylla,21,165.077224,-21.321421
92,89397,9523,Fontainea pancheri,21,165.077224,-21.321421
92,89398,5325,Garcinia densiflora,21,165.077224,-21.321421
92,89399,9709,Gardenia urvillei,21,165.077224,-21.321421
92,89400,5469,Geijera balansae,21,165.077224,-21.321421
92,89401,6622,Ixora cauliflora,21,165.077224,-21.321421
92,89402,9576,Meryta denhamii,21,165.077224,-21.321421
92,89403,9540,Mimusops elengi,21,165.077224,-21.321421
92,89404,9718,Picrella trifoliata,21,165.077224,-21.321421
92,89405,7256,Pisonia artensis,21,165.077224,-21.321421
92,89406,7271,Pittosporum gracile,21,165.077224,-21.321421
92,89407,7309,Pleurostylia opposita,21,165.077224,-21.321421
92,89408,174,Huberantha nitidissima,21,165.077224,-21.321421
92,89409,9547,Premna serratifolia,21,165.077224,-21.321421
92,89410,9549,Psydrax odorata,21,165.077224,-21.321421
92,89411,6676,Rauvolfia semperflorens,21,165.077224,-21.321421
92,89412,7496,Sarcomelicope leiocarpa,21,165.077224,-21.321421
92,89413,5983,Plerandra veitchii,21,165.077224,-21.321421
92,89414,8533,Stenocarpus trinervis,21,165.077224,-21.321421
92,89415,6694,Storckiella pancheri,21,165.077224,-21.321421
93,89416,5489,Acronychia laevis,21,165.077224,-21.321421
93,89417,9458,Alectryon carinatum,21,165.077224,-21.321421
93,89418,2268,Alstonia balansae,21,165.077224,-21.321421
93,89419,2403,Antirhea rhamnoides,21,165.077224,-21.321421
93,89420,1733,Arytera chartacea,21,165.077224,-21.321421
93,89421,9723,Arytera collina,21,165.077224,-21.321421
93,89422,9488,Cerbera manghas,21,165.077224,-21.321421
93,89423,3338,Cleistanthus stipitatus,21,165.077224,-21.321421
93,89424,3390,Codiaeum peltatum,21,165.077224,-21.321421
93,89425,9494,Cordia subcordata,21,165.077224,-21.321421
93,89426,9497,Croton insularis,21,165.077224,-21.321421
93,89427,3572,Cryptocarya odorata,21,165.077224,-21.321421
93,89428,4013,Diospyros fasciculosa,21,165.077224,-21.321421
93,89429,9348,Drypetes deplanchei,21,165.077224,-21.321421
93,89430,7848,Dysoxylum bijugum,21,165.077224,-21.321421
93,89431,7859,Elattostachys apetala,21,165.077224,-21.321421
93,89432,5072,Erythroxylum novocaledonicum,21,165.077224,-21.321421
93,89433,8035,Eugenia gacognei,21,165.077224,-21.321421
93,89434,9523,Fontainea pancheri,21,165.077224,-21.321421
93,89435,5450,Garcinia pedicellata,21,165.077224,-21.321421
93,89436,2694,Phyllanthus billardierei,21,165.077224,-21.321421
93,89437,9531,Heritiera littoralis,21,165.077224,-21.321421
93,89438,6622,Ixora cauliflora,21,165.077224,-21.321421
93,89439,9872,Ixora opuloides,21,165.077224,-21.321421
93,89440,5949,Denhamia fournieri,21,165.077224,-21.321421
93,89441,9576,Meryta denhamii,21,165.077224,-21.321421
93,89442,9712,Morinda citrifolia,21,165.077224,-21.321421
93,89443,9542,Ormocarpum orientale,21,165.077224,-21.321421
93,89444,6654,Osmanthus austrocaledonicus,21,165.077224,-21.321421
93,89445,8015,Tabernaemontana cerifera,21,165.077224,-21.321421
93,89446,174,Huberantha nitidissima,21,165.077224,-21.321421
93,89447,9547,Premna serratifolia,21,165.077224,-21.321421
93,89448,1851,Myrsine asymmetrica,21,165.077224,-21.321421
93,89449,9550,Dallachya vitiensis,21,165.077224,-21.321421
93,89450,9898,Santalum austrocaledonicum,21,165.077224,-21.321421
93,89451,9883,Polyscias nothisii,21,165.077224,-21.321421
93,89452,7496,Sarcomelicope leiocarpa,21,165.077224,-21.321421
93,89453,7541,Semecarpus atra,21,165.077224,-21.321421
93,89454,9699,Stenocarpus milnei,21,165.077224,-21.321421
93,89455,9574,Terminalia novocaledonica,21,165.077224,-21.321421
93,89456,9582,Xylocarpus granatum,21,165.077224,-21.321421
94,89457,9456,Acacia spirorbis,21,164.949635379,-21.2943685055
94,89458,9458,Alectryon carinatum,21,164.949635379,-21.2943685055
94,89459,3228,Casearia silvana,21,164.949635379,-21.2943685055
94,89460,4013,Diospyros fasciculosa,21,164.949635379,-21.2943685055
94,89461,9445,Diospyros minimifolia,21,164.949635379,-21.2943685055
94,89462,9348,Drypetes deplanchei,21,164.949635379,-21.2943685055
94,89463,7848,Dysoxylum bijugum,21,164.949635379,-21.2943685055
94,89464,5072,Erythroxylum novocaledonicum,21,164.949635379,-21.2943685055
94,89465,9523,Fontainea pancheri,21,164.949635379,-21.2943685055
94,89466,9709,Gardenia urvillei,21,164.949635379,-21.2943685055
94,89467,9734,Guioa gracilis,21,164.949635379,-21.2943685055
94,89468,9540,Mimusops elengi,21,164.949635379,-21.2943685055
94,89469,9569,Ochrosia elliptica,21,164.949635379,-21.2943685055
94,89470,9777,Planchonella cinerea,21,164.949635379,-21.2943685055
94,89471,7309,Pleurostylia opposita,21,164.949635379,-21.2943685055
94,89472,9549,Psydrax odorata,21,164.949635379,-21.2943685055
94,89473,9898,Santalum austrocaledonicum,21,164.949635379,-21.2943685055
94,89474,7496,Sarcomelicope leiocarpa,21,164.949635379,-21.2943685055
95,89475,9458,Alectryon carinatum,21,164.961621,-21.344843
95,89476,2268,Alstonia balansae,21,164.961621,-21.344843
95,89477,9723,Arytera collina,21,164.961621,-21.344843
95,89478,9344,Casearia deplanchei,21,164.961621,-21.344843
95,89479,4013,Diospyros fasciculosa,21,164.961621,-21.344843
95,89480,9348,Drypetes deplanchei,21,164.961621,-21.344843
95,89481,7848,Dysoxylum bijugum,21,164.961621,-21.344843
95,89482,9523,Fontainea pancheri,21,164.961621,-21.344843
95,89483,9709,Gardenia urvillei,21,164.961621,-21.344843
95,89484,9734,Guioa gracilis,21,164.961621,-21.344843
95,89485,5949,Denhamia fournieri,21,164.961621,-21.344843
95,89486,9540,Mimusops elengi,21,164.961621,-21.344843
95,89487,9712,Morinda citrifolia,21,164.961621,-21.344843
95,89488,9777,Planchonella cinerea,21,164.961621,-21.344843
95,89489,7309,Pleurostylia opposita,21,164.961621,-21.344843
95,89490,174,Huberantha nitidissima,21,164.961621,-21.344843
95,89491,9549,Psydrax odorata,21,164.961621,-21.344843
95,89492,9898,Santalum austrocaledonicum,21,164.961621,-21.344843
96,89493,9445,Diospyros minimifolia,21,164.949052,-21.305089
96,89494,9348,Drypetes deplanchei,21,164.949052,-21.305089
96,89495,9527,Guettarda speciosa,21,164.949052,-21.305089
96,89496,9734,Guioa gracilis,21,164.949052,-21.305089
96,89497,9540,Mimusops elengi,21,164.949052,-21.305089
96,89498,9569,Ochrosia elliptica,21,164.949052,-21.305089
96,89499,9777,Planchonella cinerea,21,164.949052,-21.305089
96,89500,7309,Pleurostylia opposita,21,164.949052,-21.305089
96,89501,9549,Psydrax odorata,21,164.949052,-21.305089
97,89502,9458,Alectryon carinatum,21,164.960816,-21.313166
97,89503,2268,Alstonia balansae,21,164.960816,-21.313166
97,89504,9723,Arytera collina,21,164.960816,-21.313166
97,89505,9344,Casearia deplanchei,21,164.960816,-21.313166
97,89506,4013,Diospyros fasciculosa,21,164.960816,-21.313166
97,89507,9348,Drypetes deplanchei,21,164.960816,-21.313166
97,89508,7848,Dysoxylum bijugum,21,164.960816,-21.313166
97,89509,9523,Fontainea pancheri,21,164.960816,-21.313166
97,89510,9709,Gardenia urvillei,21,164.960816,-21.313166
97,89511,9734,Guioa gracilis,21,164.960816,-21.313166
97,89512,5949,Denhamia fournieri,21,164.960816,-21.313166
97,89513,9540,Mimusops elengi,21,164.960816,-21.313166
97,89514,9777,Planchonella cinerea,21,164.960816,-21.313166
97,89515,7309,Pleurostylia opposita,21,164.960816,-21.313166
97,89516,174,Huberantha nitidissima,21,164.960816,-21.313166
97,89517,9549,Psydrax odorata,21,164.960816,-21.313166
97,89518,9898,Santalum austrocaledonicum,21,164.960816,-21.313166
98,89519,9456,Acacia spirorbis,21,164.949842,-21.32835
98,89520,1733,Arytera chartacea,21,164.949842,-21.32835
98,89521,9358,Casuarina collina,21,164.949842,-21.32835
98,89522,9353,Cupaniopsis globosa,21,164.949842,-21.32835
98,89523,4013,Diospyros fasciculosa,21,164.949842,-21.32835
98,89524,9348,Drypetes deplanchei,21,164.949842,-21.32835
98,89525,7848,Dysoxylum bijugum,21,164.949842,-21.32835
98,89526,5128,Ficus prolixa,21,164.949842,-21.32835
98,89527,9523,Fontainea pancheri,21,164.949842,-21.32835
98,89528,9734,Guioa gracilis,21,164.949842,-21.32835
98,89529,9537,Manilkara dissecta,21,164.949842,-21.32835
98,89530,9540,Mimusops elengi,21,164.949842,-21.32835
98,89531,9777,Planchonella cinerea,21,164.949842,-21.32835
98,89532,7309,Pleurostylia opposita,21,164.949842,-21.32835
98,89533,7496,Sarcomelicope leiocarpa,21,164.949842,-21.32835
98,89534,9574,Terminalia novocaledonica,21,164.949842,-21.32835
99,89535,9555,Albizia guillainii,21,164.944286,-21.325824
100,89536,9456,Acacia spirorbis,21,164.973158,-21.3197
100,89537,6155,Acridocarpus austrocaledonicus,21,164.973158,-21.3197
100,89538,5489,Acronychia laevis,21,164.973158,-21.3197
100,89539,9458,Alectryon carinatum,21,164.973158,-21.3197
100,89540,2263,Alphitonia neocaledonica,21,164.973158,-21.3197
100,89541,2268,Alstonia balansae,21,164.973158,-21.3197
100,89542,2593,Arytera arcuata,21,164.973158,-21.3197
100,89543,9723,Arytera collina,21,164.973158,-21.3197
100,89544,2852,Austrobuxus carunculatus,21,164.973158,-21.3197
100,89545,3228,Casearia silvana,21,164.973158,-21.3197
100,89546,9821,Elaeodendron pininsulare subsp. poyaense,21,164.973158,-21.3197
100,89547,9358,Casuarina collina,21,164.973158,-21.3197
100,89548,4386,Celtis conferta,21,164.973158,-21.3197
100,89549,9488,Cerbera manghas,21,164.973158,-21.3197
100,89550,4473,Cloezia artensis,21,164.973158,-21.3197
100,89551,3390,Codiaeum peltatum,21,164.973158,-21.3197
100,89552,9497,Croton insularis,21,164.973158,-21.3197
100,89553,9345,Cupaniopsis trigonocarpa,21,164.973158,-21.3197
100,89554,4013,Diospyros fasciculosa,21,164.973158,-21.3197
100,89555,9446,Diospyros perplexa,21,164.973158,-21.3197
100,89556,9447,Diospyros pustulata,21,164.973158,-21.3197
100,89557,9348,Drypetes deplanchei,21,164.973158,-21.3197
100,89558,7859,Elattostachys apetala,21,164.973158,-21.3197
100,89559,5072,Erythroxylum novocaledonicum,21,164.973158,-21.3197
100,89560,8035,Eugenia gacognei,21,164.973158,-21.3197
100,89561,9519,Excoecaria agallocha,21,164.973158,-21.3197
100,89562,9523,Fontainea pancheri,21,164.973158,-21.3197
100,89563,9709,Gardenia urvillei,21,164.973158,-21.3197
100,89564,9527,Guettarda speciosa,21,164.973158,-21.3197
100,89565,9734,Guioa gracilis,21,164.973158,-21.3197
100,89566,9531,Heritiera littoralis,21,164.973158,-21.3197
100,89567,6622,Ixora cauliflora,21,164.973158,-21.3197
100,89568,3663,Pycnandra petiolata,21,164.973158,-21.3197
100,89569,9536,Lumnitzera racemosa,21,164.973158,-21.3197
100,89570,9537,Manilkara dissecta,21,164.973158,-21.3197
100,89571,5949,Denhamia fournieri,21,164.973158,-21.3197
100,89572,9540,Mimusops elengi,21,164.973158,-21.3197
100,89573,9712,Morinda citrifolia,21,164.973158,-21.3197
100,89574,6654,Osmanthus austrocaledonicus,21,164.973158,-21.3197
100,89575,9777,Planchonella cinerea,21,164.973158,-21.3197
100,89576,9782,Planchonella luteocostata,21,164.973158,-21.3197
100,89577,7309,Pleurostylia opposita,21,164.973158,-21.3197
100,89578,9547,Premna serratifolia,21,164.973158,-21.3197
100,89579,9549,Psydrax odorata,21,164.973158,-21.3197
100,89580,6676,Rauvolfia semperflorens,21,164.973158,-21.3197
100,89581,7496,Sarcomelicope leiocarpa,21,164.973158,-21.3197
100,89582,9699,Stenocarpus milnei,21,164.973158,-21.3197
100,89583,9574,Terminalia novocaledonica,21,164.973158,-21.3197
100,89584,9582,Xylocarpus granatum,21,164.973158,-21.3197
101,89585,9456,Acacia spirorbis,21,166.460018,-22.259073
101,89586,5489,Acronychia laevis,21,166.460018,-22.259073
101,89588,9457,Aglaia elaeagnoidea,21,166.460018,-22.259073
101,89589,2593,Arytera arcuata,21,166.460018,-22.259073
101,89590,9723,Arytera collina,21,166.460018,-22.259073
101,89591,9358,Casuarina collina,21,166.460018,-22.259073
101,89592,4386,Celtis conferta,21,166.460018,-22.259073
101,89593,9488,Cerbera manghas,21,166.460018,-22.259073
101,89594,9497,Croton insularis,21,166.460018,-22.259073
101,89595,4013,Diospyros fasciculosa,21,166.460018,-22.259073
101,89596,9348,Drypetes deplanchei,21,166.460018,-22.259073
101,89597,7848,Dysoxylum bijugum,21,166.460018,-22.259073
101,89598,8035,Eugenia gacognei,21,166.460018,-22.259073
101,89599,9964,Ficus virens,21,166.460018,-22.259073
101,89600,9523,Fontainea pancheri,21,166.460018,-22.259073
101,89601,9709,Gardenia urvillei,21,166.460018,-22.259073
101,89602,2694,Phyllanthus billardierei,21,166.460018,-22.259073
101,89603,9525,Grewia crenata,21,166.460018,-22.259073
101,89604,5773,Hybanthus caledonicus,21,166.460018,-22.259073
101,89605,6623,Ixora collina,21,166.460018,-22.259073
101,89606,6728,Melaleuca quinquenervia,21,166.460018,-22.259073
101,89607,2377,Melia azedarach,21,166.460018,-22.259073
101,89608,9542,Ormocarpum orientale,21,166.460018,-22.259073
101,89609,9670,Pittosporum pancheri,21,166.460018,-22.259073
101,89610,9777,Planchonella cinerea,21,166.460018,-22.259073
101,89611,7309,Pleurostylia opposita,21,166.460018,-22.259073
101,89612,9547,Premna serratifolia,21,166.460018,-22.259073
101,89613,9549,Psydrax odorata,21,166.460018,-22.259073
101,89614,9550,Dallachya vitiensis,21,166.460018,-22.259073
101,89615,9898,Santalum austrocaledonicum,21,166.460018,-22.259073
101,89616,7496,Sarcomelicope leiocarpa,21,166.460018,-22.259073
101,89617,5983,Plerandra veitchii,21,166.460018,-22.259073
101,89618,7541,Semecarpus atra,21,166.460018,-22.259073
101,89619,7577,Soulamea tomentosa,21,166.460018,-22.259073
102,89620,9527,Guettarda speciosa,21,165.459069,-21.658835
102,89621,9455,Acacia simplex,21,165.459069,-21.658835
102,89622,9488,Cerbera manghas,21,165.459069,-21.658835
102,89623,9540,Mimusops elengi,21,165.459069,-21.658835
102,89624,9777,Planchonella cinerea,21,165.459069,-21.658835
102,89625,4386,Celtis conferta,21,165.459069,-21.658835
102,89626,9519,Excoecaria agallocha,21,165.459069,-21.658835
102,89627,9525,Grewia crenata,21,165.459069,-21.658835
103,89628,6728,Melaleuca quinquenervia,4,165.73255787,-21.37850015
103,89629,2694,Phyllanthus billardierei,4,165.73255787,-21.37850015
103,89630,4369,Metrosideros laurifolia,4,165.73255787,-21.37850015
103,89631,5093,Fagraea berteroana,4,165.73255787,-21.37850015
103,89632,6273,Plerandra gabriellae,4,165.73255787,-21.37850015
103,89633,1261,Archidendropsis granulosa,4,165.73255787,-21.37850015
103,89634,6267,Podonephelium pachycaule,4,165.73255787,-21.37850015
103,89635,8015,Tabernaemontana cerifera,4,165.73255787,-21.37850015
103,89636,6595,Guioa glauca,4,165.73255787,-21.37850015
103,89637,9764,Gymnostoma glaucescens,4,165.73255787,-21.37850015
103,89638,5360,Garcinia neglecta,4,165.73255787,-21.37850015
103,89639,9526,Guettarda balansaeana,4,165.73255787,-21.37850015
103,89640,7850,Elaeocarpus angustifolius,4,165.73255787,-21.37850015
104,89641,9456,Acacia spirorbis,21,164.96389,-21.26204
104,89642,5489,Acronychia laevis,21,164.96389,-21.26204
104,89643,2263,Alphitonia neocaledonica,21,164.96389,-21.26204
104,89644,9723,Arytera collina,21,164.96389,-21.26204
104,89645,2852,Austrobuxus carunculatus,21,164.96389,-21.26204
104,89646,2924,Baloghia alternifolia,21,164.96389,-21.26204
104,89647,9344,Casearia deplanchei,21,164.96389,-21.26204
104,89648,3228,Casearia silvana,21,164.96389,-21.26204
104,89649,9358,Casuarina collina,21,164.96389,-21.26204
104,89650,9488,Cerbera manghas,21,164.96389,-21.26204
104,89651,3338,Cleistanthus stipitatus,21,164.96389,-21.26204
104,89652,4473,Cloezia artensis,21,164.96389,-21.26204
104,89653,3390,Codiaeum peltatum,21,164.96389,-21.26204
104,89654,9497,Croton insularis,21,164.96389,-21.26204
104,89655,9500,Cynometra ramiflora,21,164.96389,-21.26204
104,89656,4032,Diospyros samoensis,21,164.96389,-21.26204
104,89657,9348,Drypetes deplanchei,21,164.96389,-21.26204
104,89658,8035,Eugenia gacognei,21,164.96389,-21.26204
104,89659,9544,Euroschinus jaffrei,21,164.96389,-21.26204
104,89660,9709,Gardenia urvillei,21,164.96389,-21.26204
104,89661,5662,Hibbertia lucens,21,164.96389,-21.26204
104,89662,5719,Hibbertia wagapii,21,164.96389,-21.26204
104,89663,8375,Homalium deplanchei,21,164.96389,-21.26204
104,89664,5772,Hybanthus austrocaledonicus,21,164.96389,-21.26204
104,89665,6623,Ixora collina,21,164.96389,-21.26204
104,89666,9870,Pycnandra filipes,21,164.96389,-21.26204
104,89667,6509,Maxwellia lepidota,21,164.96389,-21.26204
104,89668,5949,Denhamia fournieri,21,164.96389,-21.26204
104,89669,2377,Melia azedarach,21,164.96389,-21.26204
104,89670,9540,Mimusops elengi,21,164.96389,-21.26204
104,89671,7309,Pleurostylia opposita,21,164.96389,-21.26204
104,89672,9549,Psydrax odorata,21,164.96389,-21.26204
104,89673,6676,Rauvolfia semperflorens,21,164.96389,-21.26204
104,89674,9550,Dallachya vitiensis,21,164.96389,-21.26204
104,89675,9413,Sarcomelicope simplicifolia,21,164.96389,-21.26204
104,89676,9699,Stenocarpus milnei,21,164.96389,-21.26204
104,89677,7613,Styphelia cymbulae,21,164.96389,-21.26204
104,89678,9572,Terminalia cherrieri,21,164.96389,-21.26204
104,89679,9574,Terminalia novocaledonica,21,164.96389,-21.26204
105,89680,2939,Barringtonia neocaledonica,30,164.73033797,-20.9264230728
105,89681,174,Huberantha nitidissima,30,164.73033797,-20.9264230728
105,89682,4013,Diospyros fasciculosa,30,164.73033797,-20.9264230728
106,89683,7850,Elaeocarpus angustifolius,4,165.198337,-21.313101
106,89684,7541,Semecarpus atra,4,165.198337,-21.313101
106,89685,2939,Barringtonia neocaledonica,4,165.198337,-21.313101
106,89686,9488,Cerbera manghas,4,165.198337,-21.313101
106,89687,5128,Ficus prolixa,4,165.198337,-21.313101
106,89688,7859,Elattostachys apetala,4,165.198337,-21.313101
106,89689,7848,Dysoxylum bijugum,4,165.198337,-21.313101
106,89690,9712,Morinda citrifolia,4,165.198337,-21.313101
106,89691,4998,Ficus habrophylla,4,165.198337,-21.313101
106,89692,2212,Aleurites moluccana,4,165.198337,-21.313101
107,89693,7541,Semecarpus atra,30,164.7255529091,-20.930467844
107,89694,9528,Gyrocarpus americanus,30,164.7255529091,-20.930467844
107,89695,174,Huberantha nitidissima,30,164.7255529091,-20.930467844
107,89696,4013,Diospyros fasciculosa,30,164.7255529091,-20.930467844
108,89697,9737,Podonephelium homei,57,167.9606968478,-21.4583703219
108,89698,1484,Schefflera,57,167.9606968478,-21.4583703219
108,89699,4013,Diospyros fasciculosa,57,167.9606968478,-21.4583703219
108,89700,9457,Aglaia elaeagnoidea,57,167.9606968478,-21.4583703219
108,89701,6885,Olea paniculata,57,167.9606968478,-21.4583703219
108,89702,9452,Elaeocarpus rotundifolius,57,167.9606968478,-21.4583703219
108,89703,4998,Ficus habrophylla,57,167.9606968478,-21.4583703219
108,89704,5489,Acronychia laevis,57,167.9606968478,-21.4583703219
108,89705,3329,Claoxylon insulanum,57,167.9606968478,-21.4583703219
108,89706,4726,Delarbrea paradoxa,57,167.9606968478,-21.4583703219
108,89707,9978,Lantana camara,57,167.9606968478,-21.4583703219
108,89708,9576,Meryta denhamii,57,167.9606968478,-21.4583703219
108,89722,6709,Polyscias bracteata,57,167.9606968478,-21.4583703219
109,89709,5489,Acronychia laevis,57,167.8716356696,-21.4910334866
109,89710,9457,Aglaia elaeagnoidea,57,167.8716356696,-21.4910334866
109,89711,4726,Delarbrea paradoxa,57,167.8716356696,-21.4910334866
109,89712,4032,Diospyros samoensis,57,167.8716356696,-21.4910334866
109,89713,4013,Diospyros fasciculosa,57,167.8716356696,-21.4910334866
109,89714,5128,Ficus prolixa,57,167.8716356696,-21.4910334866
109,89715,3530,Anacardiaceae,57,167.8716356696,-21.4910334866
109,89716,9978,Lantana camara,57,167.8716356696,-21.4910334866
109,89717,6885,Olea paniculata,57,167.8716356696,-21.4910334866
109,89718,9655,Pandanus macrocarpus,57,167.8716356696,-21.4910334866
109,89719,1484,Schefflera,57,167.8716356696,-21.4910334866
109,89720,7645,Syzygium densiflorum,57,167.8716356696,-21.4910334866
109,89721,6709,Polyscias bracteata,57,167.8716356696,-21.4910334866
112,89723,9358,Casuarina collina,30,165.3266475163,-21.3935726881
112,89724,7295,Pittosporum simsonii,30,165.3266475163,-21.3935726881
112,89725,7859,Elattostachys apetala,30,165.3266475163,-21.3935726881
112,89726,374,Cleidion,30,165.3266475163,-21.3935726881
112,89727,8596,Pandanus balansae,30,165.3266475163,-21.3935726881
112,89728,5360,Garcinia neglecta,30,165.3266475163,-21.3935726881
112,89729,174,Huberantha nitidissima,30,165.3266475163,-21.3935726881
112,89730,7658,Syzygium macranthum,30,165.3266475163,-21.3935726881
113,89731,9358,Casuarina collina,30,165.327735655,-21.3931381702
113,89732,174,Huberantha nitidissima,30,165.327735655,-21.3931381702
113,89733,3035,Acropogon,30,165.327735655,-21.3931381702
113,89734,7848,Dysoxylum bijugum,30,165.327735655,-21.3931381702
113,89735,4998,Ficus habrophylla,30,165.327735655,-21.3931381702
114,89736,9358,Casuarina collina,30,165.1557953283,-21.2009847164
114,89737,5477,Geissois racemosa,30,165.1557953283,-21.2009847164
114,89738,1966,Ficus,30,165.1557953283,-21.2009847164
114,89739,6267,Podonephelium pachycaule,30,165.1557953283,-21.2009847164
114,89740,7850,Elaeocarpus angustifolius,30,165.1557953283,-21.2009847164
114,89751,6273,Plerandra gabriellae,30,165.1557953283,-21.2009847164
114,89752,7599,Chambeyronia macrocarpa,30,165.1557953283,-21.2009847164
114,89753,5489,Acronychia laevis,30,165.1557953283,-21.2009847164
114,89806,5837,Kermadecia sinuata,30,165.1557953283,-21.2009847164
115,89741,5477,Geissois racemosa,30,165.1455827337,-21.192779839
115,89742,9668,Pittosporum malaxanii,30,165.1455827337,-21.192779839
115,89743,8253,Diospyros macrocarpa,30,165.1455827337,-21.192779839
115,89748,6273,Plerandra gabriellae,30,165.1455827337,-21.192779839
115,89749,7599,Chambeyronia macrocarpa,30,165.1455827337,-21.192779839
115,89805,5837,Kermadecia sinuata,30,165.1455827337,-21.192779839
116,89744,5608,Hernandia cordigera,30,165.1475970726,-21.1926349998
116,89745,5477,Geissois racemosa,30,165.1475970726,-21.1926349998
116,89746,9358,Casuarina collina,30,165.1475970726,-21.1926349998
116,89747,4998,Ficus habrophylla,30,165.1475970726,-21.1926349998
116,89750,6273,Plerandra gabriellae,30,165.1475970726,-21.1926349998
116,89804,5837,Kermadecia sinuata,30,165.1475970726,-21.1926349998
118,89754,9595,Barringtonia integrifolia,4,164.4237815123,-20.3165155649
118,89755,7859,Elattostachys apetala,4,164.4237815123,-20.3165155649
118,89756,9971,Cyphophoenix elegans,4,164.4237815123,-20.3165155649
118,89757,6374,Garcinia puat,4,164.4237815123,-20.3165155649
118,89758,9385,Ficus virgata,4,164.4237815123,-20.3165155649
118,89759,4792,Dendrocnide peltata,4,164.4237815123,-20.3165155649
118,89760,9629,Syzygium lateriflorum,4,164.4237815123,-20.3165155649
118,89761,4432,Cleidion vieillardii,4,164.4237815123,-20.3165155649
118,89762,3390,Codiaeum peltatum,4,164.4237815123,-20.3165155649
118,89763,7850,Elaeocarpus angustifolius,4,164.4237815123,-20.3165155649
118,89764,9458,Alectryon carinatum,4,164.4237815123,-20.3165155649
118,89765,6728,Melaleuca quinquenervia,4,164.4237815123,-20.3165155649
118,89766,391,Mezoneuron,4,164.4237815123,-20.3165155649
118,89767,2694,Phyllanthus billardierei,4,164.4237815123,-20.3165155649
118,89768,1261,Archidendropsis granulosa,4,164.4237815123,-20.3165155649
118,89769,174,Huberantha nitidissima,4,164.4237815123,-20.3165155649
118,89770,6601,Antirhea wagapensis,4,164.4237815123,-20.3165155649
119,89771,6273,Plerandra gabriellae,4,164.4435681682,-20.3069239855
119,89772,9971,Cyphophoenix elegans,4,164.4435681682,-20.3069239855
119,89773,4056,Dutaillyea trifoliolata,4,164.4435681682,-20.3069239855
119,89774,6976,Oxera sessilifolia,4,164.4435681682,-20.3069239855
119,89775,8277,Dracophyllum verticillatum,4,164.4435681682,-20.3069239855
119,89776,5489,Acronychia laevis,4,164.4435681682,-20.3069239855
119,89777,6041,Garcinia balansae,4,164.4435681682,-20.3069239855
119,89778,8928,Elaeocarpus vieillardii Brongn. & Gris var. vieillardii,4,164.4435681682,-20.3069239855
119,89779,4369,Metrosideros laurifolia,4,164.4435681682,-20.3069239855
119,89780,3387,Codia incrassata,4,164.4435681682,-20.3069239855
119,89781,9770,Hugonia oreogena,4,164.4435681682,-20.3069239855
119,89782,7635,Syzygium baladense,4,164.4435681682,-20.3069239855
119,89783,6842,Myodocarpus pinnatus,4,164.4435681682,-20.3069239855
119,89784,2416,Apodytes clusiifolia,4,164.4435681682,-20.3069239855
119,89785,1936,Dysoxylum,4,164.4435681682,-20.3069239855
119,89786,8247,Diospyros flavocarpa,4,164.4435681682,-20.3069239855
119,89787,6595,Guioa glauca,4,164.4435681682,-20.3069239855
119,89788,7646,Syzygium deplanchei,4,164.4435681682,-20.3069239855
119,89789,7925,Cyphokentia cerifera,4,164.4435681682,-20.3069239855
119,89790,9973,Virotia vieillardii,4,164.4435681682,-20.3069239855
119,89791,9532,Eucarpha strobilina,4,164.4435681682,-20.3069239855
119,89792,5183,Freycinetia arborea,4,164.4435681682,-20.3069239855
119,89793,6796,Meryta oxylaena,4,164.4435681682,-20.3069239855
121,89794,2150,Pandanus,30,165.157167,-21.2150667
121,89795,7467,Rhodomyrtus locellata,30,165.157167,-21.2150667
121,89796,7599,Chambeyronia macrocarpa,30,165.157167,-21.2150667
122,89797,1261,Archidendropsis granulosa,30,165.9444576502,-21.6440534592
122,89798,7541,Semecarpus atra,30,165.9444576502,-21.6440534592
122,89799,1966,Ficus,30,165.9444576502,-21.6440534592
122,89800,7859,Elattostachys apetala,30,165.9444576502,-21.6440534592
122,89801,9488,Cerbera manghas,30,165.9444576502,-21.6440534592
122,89802,7850,Elaeocarpus angustifolius,30,165.9444576502,-21.6440534592
122,89803,2212,Aleurites moluccana,30,165.9444576502,-21.6440534592
123,89807,8051,Cupaniopsis oedipoda,4,165.2184874378,-20.8171015978
123,89808,5093,Fagraea berteroana,4,165.2184874378,-20.8171015978
123,89809,8474,Zygogynum amplexicaule (Parmentier) Vink subsp. amplexicaule,4,165.2184874378,-20.8171015978
123,89810,9696,Tapeinosperma deroinii,4,165.2184874378,-20.8171015978
123,89811,5393,Plerandra moratiana,4,165.2184874378,-20.8171015978
123,89812,6273,Plerandra gabriellae,4,165.2184874378,-20.8171015978
123,89813,5608,Hernandia cordigera,4,165.2184874378,-20.8171015978
123,89814,3402,Comptonella drupacea,4,165.2184874378,-20.8171015978
123,89815,6237,Atractocarpus mollis,4,165.2184874378,-20.8171015978
123,89816,5964,Macaranga corymbosa,4,165.2184874378,-20.8171015978
123,89817,3338,Cleistanthus stipitatus,4,165.2184874378,-20.8171015978
123,89818,9509,Homalium francii,4,165.2184874378,-20.8171015978
123,89819,6606,Guioa ovalis,4,165.2184874378,-20.8171015978
123,89820,8075,Sphaeropteris novaecaledoniae,4,165.2184874378,-20.8171015978
123,89821,3556,Crossostylis grandiflora,4,165.2184874378,-20.8171015978
123,89822,2150,Pandanus,4,165.2184874378,-20.8171015978
123,89823,6374,Garcinia puat,4,165.2184874378,-20.8171015978
123,89824,8103,Goniothalamus obtusatus,4,165.2184874378,-20.8171015978
123,89825,2416,Apodytes clusiifolia,4,165.2184874378,-20.8171015978
123,89826,5562,Harpullia austrocaledonica,4,165.2184874378,-20.8171015978
123,89827,5133,Ficus racemigera,4,165.2184874378,-20.8171015978
123,89828,9601,Ficus pteroporum,4,165.2184874378,-20.8171015978
123,89829,8231,Cyphokentia macrostachya,4,165.2184874378,-20.8171015978
123,89830,7287,Burretiokentia vieillardii,4,165.2184874378,-20.8171015978
123,89831,4998,Ficus habrophylla,4,165.2184874378,-20.8171015978
123,89832,5813,Ixora comptonii,4,165.2184874378,-20.8171015978
123,89833,7645,Syzygium densiflorum,4,165.2184874378,-20.8171015978
123,89834,7218,Phelline confertifolia,4,165.2184874378,-20.8171015978
123,89835,6601,Antirhea wagapensis,4,165.2184874378,-20.8171015978
123,89836,7772,Xylopia vieillardii,4,165.2184874378,-20.8171015978
124,89837,8261,Diospyros parviflora,4,165.2481356543,-20.8181610703
124,89838,9500,Cynometra ramiflora,4,165.2481356543,-20.8181610703
124,89839,2422,Arthroclianthus,4,165.2481356543,-20.8181610703
124,89840,7271,Pittosporum gracile,4,165.2481356543,-20.8181610703
124,89841,8750,Syzygium longifolium,4,165.2481356543,-20.8181610703
124,89842,3036,Acropogon sageniifolius,4,165.2481356543,-20.8181610703
124,89843,9492,Commersonia bartramia,4,165.2481356543,-20.8181610703
124,89844,9595,Barringtonia integrifolia,4,165.2481356543,-20.8181610703
124,89845,5964,Macaranga corymbosa,4,165.2481356543,-20.8181610703
129,89850,9681,Podocarpus polyspermus,30,165.1576549374,-21.2145513296
129,89851,6273,Plerandra gabriellae,30,165.1576549374,-21.2145513296
130,89852,9681,Podocarpus polyspermus,30,165.1122665964,-21.170681119
131,89853,4489,Gymnostoma,17,166.55121,-22.09739
131,89854,8253,Diospyros macrocarpa,17,166.55121,-22.09739
131,89855,7308,Pleurocalyptus pancheri,17,166.55121,-22.09739
131,89856,2263,Alphitonia neocaledonica,17,166.55121,-22.09739
131,89857,8015,Tabernaemontana cerifera,17,166.55121,-22.09739
131,89858,8010,Agathis lanceolata,17,166.55121,-22.09739
131,89859,6873,Basselinia pancheri,17,166.55121,-22.09739
131,89860,7811,Deplanchea speciosa,17,166.55121,-22.09739
131,89861,307,Styphelia,17,166.55121,-22.09739
131,89862,1868,Cryptocarya,17,166.55121,-22.09739
131,89863,338,Pancheria,17,166.55121,-22.09739
131,89864,8336,Pandanus bernardii,17,166.55121,-22.09739
131,89865,8604,Pandanus pancheri,17,166.55121,-22.09739
131,89866,1855,Beilschmiedia,17,166.55121,-22.09739
131,89867,5239,Garcinia amplexicaulis,17,166.55121,-22.09739
131,89868,3158,Calophyllum caledonicum,17,166.55121,-22.09739
131,89869,2770,Araucaria,17,166.55121,-22.09739
131,89870,2716,Podocarpus,17,166.55121,-22.09739
131,89871,8913,Elaeocarpus speciosus,17,166.55121,-22.09739
131,89872,6794,Meryta coriacea,17,166.55121,-22.09739
131,89873,3349,Pycnandra,17,166.55121,-22.09739
131,89874,1384,Alstonia,17,166.55121,-22.09739
131,89875,8566,Montrouziera cauliflora,17,166.55121,-22.09739
132,89876,2620,Ascarina rubricaulis,17,166.55629,-22.08811
132,89877,8896,Elaeocarpus bullatus,17,166.55629,-22.08811
132,89878,8592,Elaeocarpus gummatus,17,166.55629,-22.08811
132,89879,6859,Nemuaron vieillardii,17,166.55629,-22.08811
132,89880,7210,Periomphale balansae,17,166.55629,-22.08811
132,89881,9548,Apiopetalum glabratum,17,166.55629,-22.08811
132,89882,7758,Weinmannia paitensis,17,166.55629,-22.08811
132,89883,9435,Hibbertia baudouinii,17,166.55629,-22.08811
132,89884,2155,Quintinia,17,166.55629,-22.08811
132,89885,2156,Sphenostemon,17,166.55629,-22.08811
132,89886,338,Pancheria,17,166.55629,-22.08811
132,89887,1998,Syzygium,17,166.55629,-22.08811
132,89888,1988,Metrosideros,17,166.55629,-22.08811
132,89889,121,Cunonia,17,166.55629,-22.08811
132,89890,6659,Phelline comosa,17,166.55629,-22.08811
132,89891,4991,Ficus austrocaledonica,17,166.55629,-22.08811
132,89892,4061,Dysoxylum roseum,17,166.55629,-22.08811
132,89893,7016,Paracryphia alticola,17,166.55629,-22.08811
132,89894,8955,Tapeinosperma deflexum,17,166.55629,-22.08811
132,89895,2970,Antirhea,17,166.55629,-22.08811
133,89896,8011,Trophis scandens,19,166.493376,-22.210077
133,89897,7541,Semecarpus atra,19,166.493376,-22.210077
133,89898,9576,Meryta denhamii,19,166.493376,-22.210077
133,89899,5489,Acronychia laevis,19,166.493376,-22.210077
133,89900,7848,Dysoxylum bijugum,19,166.493376,-22.210077
133,89901,9964,Ficus virens,19,166.493376,-22.210077
133,89902,4233,Salicaceae,19,166.493376,-22.210077
133,89903,4236,Sapindaceae,19,166.493376,-22.210077
133,89904,3413,Cordyline fruticosa,19,166.493376,-22.210077
133,89905,7750,Ventilago pseudocalyculata,19,166.493376,-22.210077
134,89906,6273,Plerandra gabriellae,19,165.773882,-21.602725
134,89907,9358,Casuarina collina,19,165.773882,-21.602725
134,89908,5093,Fagraea berteroana,19,165.773882,-21.602725
134,89909,6816,Austrotaxus spicata,19,165.773882,-21.602725
134,89910,4061,Dysoxylum roseum,19,165.773882,-21.602725
134,89911,6792,Dysoxylum rufescens,19,165.773882,-21.602725
134,89912,3310,Chionanthus pedunculatus,19,165.773882,-21.602725
134,89913,121,Cunonia,19,165.773882,-21.602725
134,89914,9600,Ficus otophoroides,19,165.773882,-21.602725
134,89915,5476,Geissois polyphylla,19,165.773882,-21.602725
134,89916,2045,Bocquillonia,19,165.773882,-21.602725
134,89917,6793,Meryta balansae,19,165.773882,-21.602725
134,89918,3035,Acropogon,19,165.773882,-21.602725
134,89919,7219,Phelline dumbeensis,19,165.773882,-21.602725
134,89920,9669,Pittosporum morierei,19,165.773882,-21.602725
134,89921,7482,Salaciopsis megaphylla,19,165.773882,-21.602725
134,89922,8782,Tapeinosperma vieillardii,19,165.773882,-21.602725
135,89923,5961,Macaranga alchorneoides,19,165.806308,-21.665704
135,89924,9358,Casuarina collina,19,165.806308,-21.665704
135,89925,9456,Acacia spirorbis,19,165.806308,-21.665704
135,89926,5489,Acronychia laevis,19,165.806308,-21.665704
135,89927,9700,Atractocarpus vaginatus,19,165.806308,-21.665704
135,89928,9589,Oxera coriacea,19,165.806308,-21.665704
136,89929,9456,Acacia spirorbis,4,164.958484,-21.174648
136,89930,9709,Gardenia urvillei,4,164.958484,-21.174648
136,89931,7711,Tetracera billardierei,4,164.958484,-21.174648
136,89932,9488,Cerbera manghas,4,164.958484,-21.174648
136,89933,9344,Casearia deplanchei,4,164.958484,-21.174648
136,89934,7613,Styphelia cymbulae,4,164.958484,-21.174648
136,89935,1733,Arytera chartacea,4,164.958484,-21.174648
136,89936,9978,Lantana camara,4,164.958484,-21.174648
136,89937,9358,Casuarina collina,4,164.958484,-21.174648
136,89938,2013,Jasminum,4,164.958484,-21.174648
136,89939,9345,Cupaniopsis trigonocarpa,4,164.958484,-21.174648
136,89940,9430,Myrsine lecardii,4,164.958484,-21.174648
137,89941,9488,Cerbera manghas,4,164.981767,-21.136815
137,89942,9545,Semecarpus balansae,4,164.981767,-21.136815
137,89943,9550,Dallachya vitiensis,4,164.981767,-21.136815
137,89944,7850,Elaeocarpus angustifolius,4,164.981767,-21.136815
137,89945,2212,Aleurites moluccana,4,164.981767,-21.136815
137,89946,7711,Tetracera billardierei,4,164.981767,-21.136815
137,89947,4998,Ficus habrophylla,4,164.981767,-21.136815
137,89948,9775,Hunga mackeeana,4,164.981767,-21.136815
137,89949,2694,Phyllanthus billardierei,4,164.981767,-21.136815
137,89950,9712,Morinda citrifolia,4,164.981767,-21.136815
138,89951,2212,Aleurites moluccana,4,165.004123,-21.081768
138,89952,8375,Homalium deplanchei,4,165.004123,-21.081768
138,89953,3390,Codiaeum peltatum,4,165.004123,-21.081768
138,89954,7848,Dysoxylum bijugum,4,165.004123,-21.081768
138,89955,9523,Fontainea pancheri,4,165.004123,-21.081768
138,89956,8030,Eugenia brongniartiana,4,165.004123,-21.081768
138,89957,4032,Diospyros samoensis,4,165.004123,-21.081768
138,89958,4013,Diospyros fasciculosa,4,165.004123,-21.081768
138,89959,7541,Semecarpus atra,4,165.004123,-21.081768
138,89960,3976,Dendrocnide latifolia,4,165.004123,-21.081768
138,89961,6694,Storckiella pancheri,4,165.004123,-21.081768
138,89962,6221,Albizia saman,4,165.004123,-21.081768
138,89963,5128,Ficus prolixa,4,165.004123,-21.081768
138,89964,2932,Baloghia inophylla,4,165.004123,-21.081768
138,89965,1429,Ochrosia,4,165.004123,-21.081768
138,89966,9333,Oxera sulfurea,4,165.004123,-21.081768
138,89967,174,Huberantha nitidissima,4,165.004123,-21.081768
138,89968,5360,Garcinia neglecta,4,165.004123,-21.081768
138,89969,5975,Mammea neurophylla,4,165.004123,-21.081768
138,89970,9330,Euroschinus obtusifolius,4,165.004123,-21.081768
138,89971,6622,Ixora cauliflora,4,165.004123,-21.081768
139,89972,4998,Ficus habrophylla,4,165.5259436928,-21.2947332859
139,89973,5124,Ficus otophora,4,165.5259436928,-21.2947332859
139,89974,5167,Ficus webbiana,4,165.5259436928,-21.2947332859
139,89975,3158,Calophyllum caledonicum,4,165.5259436928,-21.2947332859
139,89976,6869,Neuburgia novocaledonica,4,165.5259436928,-21.2947332859
139,89977,3982,Depanthus glaber,4,165.5259436928,-21.2947332859
139,89978,8783,Tapeinosperma wagapense,4,165.5259436928,-21.2947332859
139,89979,7772,Xylopia vieillardii,4,165.5259436928,-21.2947332859
139,89980,9601,Ficus pteroporum,4,165.5259436928,-21.2947332859
139,89981,3338,Cleistanthus stipitatus,4,165.5259436928,-21.2947332859
139,89982,2694,Phyllanthus billardierei,4,165.5259436928,-21.2947332859
139,89983,3419,Coronanthera barbata,4,165.5259436928,-21.2947332859
139,89984,8075,Sphaeropteris novaecaledoniae,4,165.5259436928,-21.2947332859
139,89985,5565,Hedycarya engleriana,4,165.5259436928,-21.2947332859
139,89986,5564,Hedycarya cupulata,4,165.5259436928,-21.2947332859
139,89987,6374,Garcinia puat,4,165.5259436928,-21.2947332859
139,89988,5325,Garcinia densiflora,4,165.5259436928,-21.2947332859
139,89989,6858,Basselinia gracilis,4,165.5259436928,-21.2947332859
139,89990,7287,Burretiokentia vieillardii,4,165.5259436928,-21.2947332859
139,89991,6158,Dysoxylum rufescens subsp. dzumacense,4,165.5259436928,-21.2947332859
139,89992,6814,Dysoxylum kouiriense,4,165.5259436928,-21.2947332859
139,89993,4058,Dysoxylum macranthum,4,165.5259436928,-21.2947332859
139,89994,7577,Soulamea tomentosa,4,165.5259436928,-21.2947332859
139,89995,9421,Codia mackeeana,4,165.5259436928,-21.2947332859
139,89996,7897,Kanakomyrtus prominens,4,165.5259436928,-21.2947332859
139,89997,2380,Anthocarapa nitidula,4,165.5259436928,-21.2947332859
139,89998,5964,Macaranga corymbosa,4,165.5259436928,-21.2947332859
139,89999,5608,Hernandia cordigera,4,165.5259436928,-21.2947332859
139,90000,9595,Barringtonia integrifolia,4,165.5259436928,-21.2947332859
139,90001,6273,Plerandra gabriellae,4,165.5259436928,-21.2947332859
139,90002,5476,Geissois polyphylla,4,165.5259436928,-21.2947332859
139,90003,2476,Archidendropsis fulgens,4,165.5259436928,-21.2947332859
139,90004,3402,Comptonella drupacea,4,165.5259436928,-21.2947332859
139,90005,8051,Cupaniopsis oedipoda,4,165.5259436928,-21.2947332859
139,90006,8225,Cupaniopsis sylvatica,4,165.5259436928,-21.2947332859
139,90007,7885,Alstonia costata,4,165.5259436928,-21.2947332859
139,90008,7845,Gardenia oudiepe,4,165.5259436928,-21.2947332859
139,90009,7427,Pycnandra benthamii,4,165.5259436928,-21.2947332859
139,90010,7936,Pycnandra balansae,4,165.5259436928,-21.2947332859
139,90011,7508,Schefflera candelabrum,4,165.5259436928,-21.2947332859
139,90012,7917,Spiraeanthemum densiflorum,4,165.5259436928,-21.2947332859
139,90013,3390,Codiaeum peltatum,4,165.5259436928,-21.2947332859
139,90014,3302,Symplocos montana var. tortuosa,4,165.5259436928,-21.2947332859
139,90015,2212,Aleurites moluccana,4,165.5259436928,-21.2947332859
139,90016,6041,Garcinia balansae,4,165.5259436928,-21.2947332859
140,90017,6273,Plerandra gabriellae,4,165.010641,-20.852822
140,90018,6158,Dysoxylum rufescens subsp. dzumacense,4,165.010641,-20.852822
140,90019,9629,Syzygium lateriflorum,4,165.010641,-20.852822
140,90020,7287,Burretiokentia vieillardii,4,165.010641,-20.852822
140,90021,6814,Dysoxylum kouiriense,4,165.010641,-20.852822
140,90022,9384,Schefflera vieillardii,4,165.010641,-20.852822
140,90023,5502,Gongrodiscus sufferrugineus,4,165.010641,-20.852822
140,90024,1940,Geniostoma erythrospermum,4,165.010641,-20.852822
140,90025,6601,Antirhea wagapensis,4,165.010641,-20.852822
140,90026,7180,Salaciopsis,4,165.010641,-20.852822
140,90027,5562,Harpullia austrocaledonica,4,165.010641,-20.852822
140,90028,7430,Pycnandra comptonii,4,165.010641,-20.852822
140,90029,6869,Neuburgia novocaledonica,4,165.010641,-20.852822
140,90030,4369,Metrosideros laurifolia,4,165.010641,-20.852822
140,90031,5239,Garcinia amplexicaulis,4,165.010641,-20.852822
140,90032,7245,Piliocalyx bullatus,4,165.010641,-20.852822
140,90033,9339,Gossia ramiflora,4,165.010641,-20.852822
140,90034,2348,Amborella trichopoda,4,165.010641,-20.852822
140,90035,8851,Acropogon macrocarpus,4,165.010641,-20.852822
140,90036,3402,Comptonella drupacea,4,165.010641,-20.852822
140,90037,5836,Kermadecia rotundifolia,4,165.010641,-20.852822
140,90038,2694,Phyllanthus billardierei,4,165.010641,-20.852822
140,90039,5964,Macaranga corymbosa,4,165.010641,-20.852822
140,90040,5608,Hernandia cordigera,4,165.010641,-20.852822
140,90041,8292,Cupaniopsis macrocarpa,4,165.010641,-20.852822
140,90042,3571,Cryptocarya macrodesme,4,165.010641,-20.852822
140,90043,8327,Zygogynum amplexicaule subsp. luteum,4,165.010641,-20.852822
140,90044,8844,Zygogynum stipitatum,4,165.010641,-20.852822
140,90045,5124,Ficus otophora,4,165.010641,-20.852822
140,90046,9886,Storthocalyx corymbosus,4,165.010641,-20.852822
140,90047,3556,Crossostylis grandiflora,4,165.010641,-20.852822
140,90048,3158,Calophyllum caledonicum,4,165.010641,-20.852822
140,90049,5564,Hedycarya cupulata,4,165.010641,-20.852822
140,90050,5565,Hedycarya engleriana,4,165.010641,-20.852822
140,90051,6858,Basselinia gracilis,4,165.010641,-20.852822
140,90052,7004,Pancheria ternata,4,165.010641,-20.852822
140,90053,3580,Cryptocarya velutinosa,4,165.010641,-20.852822
140,90054,6233,Cryptocarya (aff_pluricostata_Barrab280),4,165.010641,-20.852822
140,90055,6842,Myodocarpus pinnatus,4,165.010641,-20.852822
141,90056,5857,Cerberiopsis candelabra,4,165.010152217,-20.8510959148
141,90057,5961,Macaranga alchorneoides,4,165.010152217,-20.8510959148
141,90058,4991,Ficus austrocaledonica,4,165.010152217,-20.8510959148
141,90059,5257,Archidendropsis streptocarpa,4,165.010152217,-20.8510959148
141,90060,3387,Codia incrassata,4,165.010152217,-20.8510959148
141,90061,7936,Pycnandra balansae,4,165.010152217,-20.8510959148
141,90062,6794,Meryta coriacea,4,165.010152217,-20.8510959148
141,90063,7690,Syzygium wagapense,4,165.010152217,-20.8510959148
141,90064,9629,Syzygium lateriflorum,4,165.010152217,-20.8510959148
141,90065,7577,Soulamea tomentosa,4,165.010152217,-20.8510959148
141,90066,9765,Gymnostoma webbianum,4,165.010152217,-20.8510959148
141,90067,5964,Macaranga corymbosa,4,165.010152217,-20.8510959148
141,90068,9443,Diospyros labillardierei,4,165.010152217,-20.8510959148
141,90069,9400,Duboisia myoporoides,4,165.010152217,-20.8510959148
141,90070,9338,Elaeocarpus toninensis,4,165.010152217,-20.8510959148
141,90071,5315,Polyscias bracteata (R.Vig.) Lowry subsp. bracteata,4,165.010152217,-20.8510959148
141,90072,6374,Garcinia puat,4,165.010152217,-20.8510959148
141,90073,9585,Deplanchea sessilifolia,4,165.010152217,-20.8510959148
142,90074,8375,Homalium deplanchei,4,164.91462,-20.990265
142,90075,2212,Aleurites moluccana,4,164.91462,-20.990265
142,90076,4998,Ficus habrophylla,4,164.91462,-20.990265
142,90077,2932,Baloghia inophylla,4,164.91462,-20.990265
142,90078,4013,Diospyros fasciculosa,4,164.91462,-20.990265
142,90079,1261,Archidendropsis granulosa,4,164.91462,-20.990265
142,90080,9984,Pipturus argenteus,4,164.91462,-20.990265
142,90081,9731,Elattostachys incisa,4,164.91462,-20.990265
142,90082,7859,Elattostachys apetala,4,164.91462,-20.990265
142,90083,2377,Melia azedarach,4,164.91462,-20.990265
142,90084,9523,Fontainea pancheri,4,164.91462,-20.990265
142,90085,9978,Lantana camara,4,164.91462,-20.990265
142,90086,7541,Semecarpus atra,4,164.91462,-20.990265
142,90087,9540,Mimusops elengi,4,164.91462,-20.990265
142,90088,5128,Ficus prolixa,4,164.91462,-20.990265
142,90089,3390,Codiaeum peltatum,4,164.91462,-20.990265
142,90090,9735,Podonephelium cristagalli,4,164.91462,-20.990265
143,90091,6273,Plerandra gabriellae,4,164.90855,-20.981432
143,90092,7859,Elattostachys apetala,4,164.90855,-20.981432
143,90093,9330,Euroschinus obtusifolius,4,164.90855,-20.981432
143,90094,6793,Meryta balansae,4,164.90855,-20.981432
143,90095,5608,Hernandia cordigera,4,164.90855,-20.981432
143,90096,7850,Elaeocarpus angustifolius,4,164.90855,-20.981432
143,90097,5477,Geissois racemosa,4,164.90855,-20.981432
143,90098,6728,Melaleuca quinquenervia,4,164.90855,-20.981432
143,90099,6608,Guioa villosa,4,164.90855,-20.981432
143,90100,5489,Acronychia laevis,4,164.90855,-20.981432
143,90101,8069,Sphaeropteris intermedia,4,164.90855,-20.981432
145,90102,8015,Tabernaemontana cerifera,4,164.3688378017,-20.4381161928
145,90103,6728,Melaleuca quinquenervia,4,164.3688378017,-20.4381161928
145,90104,9456,Acacia spirorbis,4,164.3688378017,-20.4381161928
145,90105,3556,Crossostylis grandiflora,4,164.3688378017,-20.4381161928
145,90106,5477,Geissois racemosa,4,164.3688378017,-20.4381161928
145,90107,7850,Elaeocarpus angustifolius,4,164.3688378017,-20.4381161928
145,90108,3228,Casearia silvana,4,164.3688378017,-20.4381161928
145,90109,2694,Phyllanthus billardierei,4,164.3688378017,-20.4381161928
145,90110,5167,Ficus webbiana,4,164.3688378017,-20.4381161928
145,90111,4998,Ficus habrophylla,4,164.3688378017,-20.4381161928
145,90112,231,Diospyros,4,164.3688378017,-20.4381161928
145,90113,5489,Acronychia laevis,4,164.3688378017,-20.4381161928
146,90114,8015,Tabernaemontana cerifera,4,164.364932715,-20.4369923472
146,90115,6728,Melaleuca quinquenervia,4,164.364932715,-20.4369923472
146,90116,9456,Acacia spirorbis,4,164.364932715,-20.4369923472
146,90117,3556,Crossostylis grandiflora,4,164.364932715,-20.4369923472
146,90118,4998,Ficus habrophylla,4,164.364932715,-20.4369923472
146,90119,5528,Gymnostoma nodiflorum,4,164.364932715,-20.4369923472
146,90120,7885,Alstonia costata,4,164.364932715,-20.4369923472
146,90121,2149,Freycinetia,4,164.364932715,-20.4369923472
146,90122,8110,Piper insectifugum,4,164.364932715,-20.4369923472
146,90123,7613,Styphelia cymbulae,4,164.364932715,-20.4369923472
146,90124,7711,Tetracera billardierei,4,164.364932715,-20.4369923472
146,90125,5489,Acronychia laevis,4,164.364932715,-20.4369923472
146,90126,6608,Guioa villosa,4,164.364932715,-20.4369923472
146,90127,4013,Diospyros fasciculosa,4,164.364932715,-20.4369923472
146,90128,7850,Elaeocarpus angustifolius,4,164.364932715,-20.4369923472
146,90129,5477,Geissois racemosa,4,164.364932715,-20.4369923472
146,90130,9629,Syzygium lateriflorum,4,164.364932715,-20.4369923472
147,90131,6273,Plerandra gabriellae,30,165.4302265495,-21.5794873238
147,90132,7850,Elaeocarpus angustifolius,30,165.4302265495,-21.5794873238
147,90133,2212,Aleurites moluccana,30,165.4302265495,-21.5794873238
147,90134,7541,Semecarpus atra,30,165.4302265495,-21.5794873238
147,90135,1261,Archidendropsis granulosa,30,165.4302265495,-21.5794873238
147,90136,4998,Ficus habrophylla,30,165.4302265495,-21.5794873238
147,90146,174,Huberantha nitidissima,30,165.4302265495,-21.5794873238
147,90147,1467,Meryta,30,165.4302265495,-21.5794873238
147,90148,3349,Pycnandra,30,165.4302265495,-21.5794873238
147,90149,1966,Ficus,30,165.4302265495,-21.5794873238
147,90150,374,Cleidion,30,165.4302265495,-21.5794873238
147,90151,1528,Cordyline,30,165.4302265495,-21.5794873238
148,90137,1261,Archidendropsis granulosa,30,165.4319376312,-21.578977704
148,90138,6273,Plerandra gabriellae,30,165.4319376312,-21.578977704
148,90139,8375,Homalium deplanchei,30,165.4319376312,-21.578977704
148,90140,9351,Podonephelium subaequilaterum,30,165.4319376312,-21.578977704
149,90141,5475,Geissois montana,30,165.4417437874,-21.5821588039
149,90142,7599,Chambeyronia macrocarpa,30,165.4417437874,-21.5821588039
149,90143,6273,Plerandra gabriellae,30,165.4417437874,-21.5821588039
149,90144,4013,Diospyros fasciculosa,30,165.4417437874,-21.5821588039
149,90145,174,Huberantha nitidissima,30,165.4417437874,-21.5821588039
152,90152,1261,Archidendropsis granulosa,30,165.9791298956,-21.678686142
152,90153,6273,Plerandra gabriellae,30,165.9791298956,-21.678686142
152,90154,7850,Elaeocarpus angustifolius,30,165.9791298956,-21.678686142
152,90155,3349,Pycnandra,30,165.9791298956,-21.678686142
152,90156,3390,Codiaeum peltatum,30,165.9791298956,-21.678686142
152,90157,1467,Meryta,30,165.9791298956,-21.678686142
152,90158,7541,Semecarpus atra,30,165.9791298956,-21.678686142
152,90159,5475,Geissois montana,30,165.9791298956,-21.678686142
152,90160,1966,Ficus,30,165.9791298956,-21.678686142
152,90161,4998,Ficus habrophylla,30,165.9791298956,-21.678686142
152,90163,6975,Oxera robusta,30,165.9791298956,-21.678686142
152,90164,2772,Tapeinosperma,30,165.9791298956,-21.678686142
152,90165,3533,Annonaceae,30,165.9791298956,-21.678686142
152,90171,5093,Fagraea berteroana,30,165.9791298956,-21.678686142
152,90172,5837,Kermadecia sinuata,30,165.9791298956,-21.678686142
152,90173,5298,Dysoxylum rufescens Vieill. ex Pancher & Sebert subsp. rufescens,30,165.9791298956,-21.678686142
152,90174,1443,Parsonsia,30,165.9791298956,-21.678686142
152,90175,8069,Sphaeropteris intermedia,30,165.9791298956,-21.678686142
153,90166,6728,Melaleuca quinquenervia,30,165.9742804617,-21.6758108139
153,90167,9894,Metrosideros laurifolia Brongn. & Gris var. laurifolia,30,165.9742804617,-21.6758108139
153,90168,5093,Fagraea berteroana,30,165.9742804617,-21.6758108139
153,90169,4236,Sapindaceae,30,165.9742804617,-21.6758108139
153,90170,1868,Cryptocarya,30,165.9742804617,-21.6758108139
153,90176,6608,Guioa villosa,30,165.9742804617,-21.6758108139
