id,taxon_id,x,y
66531,3221,165.308983,-21.4182167
66532,7934,165.308983,-21.4182167
66533,1261,165.308983,-21.4182167
66534,5608,165.308983,-21.4182167
66535,8253,165.308983,-21.4182167
83242,9875,165.308983,-21.4182167
68055,1261,164.3342355452,-20.5242043734
68056,2623,164.3342355452,-20.5242043734
68057,7541,164.3342355452,-20.5242043734
68058,7850,164.3342355452,-20.5242043734
68059,5975,164.3342355452,-20.5242043734
83279,2212,164.3342355452,-20.5242043734
83280,174,164.3342355452,-20.5242043734
83281,9457,164.3342355452,-20.5242043734
68060,1261,164.6930561028,-20.7816320658
68061,7850,164.6930561028,-20.7816320658
68062,3359,164.6930561028,-20.7816320658
68063,6885,164.6930561028,-20.7816320658
68064,6273,164.6930561028,-20.7816320658
68065,5477,164.6930561028,-20.7816320658
68066,4998,164.6930561028,-20.7816320658
68067,5133,164.6930561028,-20.7816320658
68068,5128,164.6930561028,-20.7816320658
68069,2593,164.6930561028,-20.7816320658
68070,7256,164.6930561028,-20.7816320658
68071,5404,164.6930561028,-20.7816320658
83390,8225,164.6930561028,-20.7816320658
83243,9540,164.3039239012,-20.455416441
83244,7859,164.3039239012,-20.455416441
83245,6885,164.3039239012,-20.455416441
83246,8046,164.3039239012,-20.455416441
83247,8015,164.3039239012,-20.455416441
83248,9781,164.3039239012,-20.455416441
83249,9457,164.3039239012,-20.455416441
83250,9526,164.3039239012,-20.455416441
83251,9772,164.3039239012,-20.455416441
83252,1261,164.3039239012,-20.455416441
83253,3556,164.3039239012,-20.455416441
83254,7309,164.3039239012,-20.455416441
83255,5093,164.3039239012,-20.455416441
83256,2743,164.3039239012,-20.455416441
83257,9845,164.3039239012,-20.455416441
83258,9332,164.3039239012,-20.455416441
83259,174,164.303870257,-20.4508030415
83260,8581,164.303870257,-20.4508030415
83261,3564,164.303870257,-20.4508030415
83262,6273,164.303870257,-20.4508030415
83263,7541,164.303870257,-20.4508030415
83264,2623,164.303870257,-20.4508030415
83265,5128,164.303870257,-20.4508030415
83266,9348,164.303870257,-20.4508030415
83267,7256,164.303870257,-20.4508030415
83268,5975,164.303870257,-20.4508030415
83269,4013,164.303870257,-20.4508030415
83270,2212,164.303870257,-20.4508030415
83271,7981,165.1943824254,-21.133902669
83282,9836,165.1943824254,-21.133902669
83272,5502,165.1925853454,-21.1158138514
83273,6273,165.1925853454,-21.1158138514
83274,1261,165.1925853454,-21.1158138514
83275,5477,165.1925853454,-21.1158138514
83276,7435,165.1921883784,-21.1260277033
83277,3359,165.1921883784,-21.1260277033
83283,7936,165.1493902132,-21.1501300335
83284,2476,165.1493902132,-21.1501300335
83285,6273,165.1493902132,-21.1501300335
83286,5799,165.5812749825,-21.4841938019
83287,6273,165.5812749825,-21.4841938019
83288,3158,165.5812749825,-21.4841938019
83289,8247,165.5812749825,-21.4841938019
83290,4032,165.5812749825,-21.4841938019
83291,8916,165.5812749825,-21.4841938019
83292,2928,165.5812749825,-21.4841938019
83293,1261,165.5812749825,-21.4841938019
83294,3571,165.5812749825,-21.4841938019
83295,7658,165.5812749825,-21.4841938019
83296,7635,165.5812749825,-21.4841938019
83297,9805,165.5812749825,-21.4841938019
83298,5456,165.5812749825,-21.4841938019
83299,7936,165.5812749825,-21.4841938019
83300,5468,165.5812749825,-21.4841938019
83301,1101,164.6839196607,-20.4858970642
83302,6273,164.6839196607,-20.4858970642
83303,3359,164.6839196607,-20.4858970642
83304,5360,164.6839196607,-20.4858970642
83305,7759,164.6839196607,-20.4858970642
83306,8259,164.6839196607,-20.4858970642
83307,8896,164.6839196607,-20.4858970642
83308,8728,164.6839196607,-20.4858970642
83309,174,164.6732501686,-20.4727220535
83310,8015,164.6732501686,-20.4727220535
83311,6273,164.6732501686,-20.4727220535
83312,3158,164.6732501686,-20.4727220535
83313,5475,164.6732501686,-20.4727220535
83314,5450,164.6732501686,-20.4727220535
83315,5964,164.6732501686,-20.4727220535
83316,1261,164.6732501686,-20.4727220535
83317,3564,164.6732501686,-20.4727220535
83318,6869,164.6732501686,-20.4727220535
83319,7848,164.6732501686,-20.4727220535
83320,9894,164.6732501686,-20.4727220535
83321,6728,164.6820689365,-20.4725503922
83322,4998,164.6820689365,-20.4725503922
83323,4991,164.6820689365,-20.4725503922
83324,2939,164.6820689365,-20.4725503922
83325,9595,164.6820689365,-20.4725503922
83326,3564,164.6820689365,-20.4725503922
83327,3561,164.6820689365,-20.4725503922
83328,5093,164.6820689365,-20.4725503922
83329,1261,164.6820689365,-20.4725503922
83330,2528,164.6820689365,-20.4725503922
83331,5964,164.6820689365,-20.4725503922
83332,5239,164.6820689365,-20.4725503922
83333,5450,164.6820689365,-20.4725503922
83334,9765,164.6820689365,-20.4725503922
83335,3158,164.6820689365,-20.4725503922
83336,6273,164.6820689365,-20.4725503922
83337,174,164.6820689365,-20.4725503922
83338,8748,165.2401186153,-20.9569787979
83339,6273,165.2401186153,-20.9569787979
83340,7658,165.2401186153,-20.9569787979
83341,2212,165.2253243886,-21.4760345221
83342,5975,165.2253243886,-21.4760345221
83343,9358,165.2253243886,-21.4760345221
83344,7541,165.2253243886,-21.4760345221
83345,4998,165.2253243886,-21.4760345221
83359,9631,165.2253243886,-21.4760345221
83346,9555,165.2266118489,-21.4765495062
83347,1733,165.2266118489,-21.4765495062
83348,4013,165.2266118489,-21.4765495062
83349,9447,165.2266118489,-21.4765495062
83350,8375,165.2266118489,-21.4765495062
83351,7256,165.2266118489,-21.4765495062
83352,5975,165.2344913408,-21.4814043045
83353,9623,165.2344913408,-21.4814043045
83354,2212,165.2344913408,-21.4814043045
83355,9333,165.2344913408,-21.4814043045
83356,9456,165.2344913408,-21.4814043045
83357,7256,165.2344913408,-21.4814043045
83358,4013,165.2344913408,-21.4814043045
83360,9497,164.9052823707,-21.0000014305
83361,4013,164.9052823707,-21.0000014305
83362,2422,164.9052823707,-21.0000014305
83363,3329,164.9052823707,-21.0000014305
83364,5489,164.9052823707,-21.0000014305
83365,8030,164.9052823707,-21.0000014305
83366,8035,164.9052823707,-21.0000014305
83367,2939,164.9052823707,-21.0000014305
83368,1733,164.9052823707,-21.0000014305
83369,4998,164.9052823707,-21.0000014305
83370,2150,164.9917066656,-21.2246900797
83371,2939,164.9917066656,-21.2246900797
83372,7658,164.9917066656,-21.2246900797
83373,5298,164.9917066656,-21.2246900797
83374,1938,164.9917066656,-21.2246900797
83375,9882,164.9917066656,-21.2246900797
83376,1988,164.9917066656,-21.2246900797
83377,3158,164.9917066656,-21.2246900797
83378,5360,164.9917066656,-21.2246900797
83379,8750,164.9917066656,-21.2246900797
83380,9704,165.0613654777,-21.2883388996
83381,9685,165.0613654777,-21.2883388996
83382,3158,165.0613654777,-21.2883388996
83383,9459,165.0613654777,-21.2883388996
83384,5360,165.0613654777,-21.2883388996
83385,9501,165.0613654777,-21.2883388996
83386,5293,165.0613654777,-21.2883388996
83387,9741,165.0613654777,-21.2883388996
83388,7934,165.0613654777,-21.2883388996
88882,7811,164.4802648947,-20.7897055149
88883,7605,164.4802648947,-20.7897055149
88884,9892,164.4802648947,-20.7897055149
88885,9573,164.4802648947,-20.7897055149
88886,9735,164.9048800394,-20.9988319874
88887,2939,164.9048800394,-20.9988319874
88888,9540,164.9048800394,-20.9988319874
88889,4013,164.9048800394,-20.9988319874
88890,4032,164.9048800394,-20.9988319874
88891,7848,164.9048800394,-20.9988319874
88892,2212,164.9048800394,-20.9988319874
88893,6793,164.9048800394,-20.9988319874
88894,2422,164.9048800394,-20.9988319874
88895,8030,164.9048800394,-20.9988319874
88896,4386,164.9048800394,-20.9988319874
88897,4792,164.9048800394,-20.9988319874
88898,6694,164.9048800394,-20.9988319874
88899,1261,164.9048800394,-20.9988319874
88900,174,164.9048800394,-20.9988319874
88901,5315,164.9048800394,-20.9988319874
88902,7541,164.9048800394,-20.9988319874
88903,2623,164.9048800394,-20.9988319874
88904,7711,164.9048800394,-20.9988319874
88905,6975,164.9048800394,-20.9988319874
88906,2593,164.9048800394,-20.9988319874
88907,6608,164.9048800394,-20.9988319874
88908,6721,165.523417,-21.172646
88909,5456,165.523417,-21.172646
88910,2282,165.523417,-21.172646
88911,7885,165.523417,-21.172646
88912,2263,165.523417,-21.172646
88913,3571,165.523417,-21.172646
88914,9400,165.523417,-21.172646
88915,5257,165.523417,-21.172646
88916,5961,165.523417,-21.172646
88917,3221,165.523417,-21.172646
88918,6273,165.523417,-21.172646
88919,9434,165.523417,-21.172646
88920,5608,165.523417,-21.172646
88921,3556,165.523417,-21.172646
88922,6374,165.523417,-21.172646
88923,5360,165.523417,-21.172646
88924,4432,165.523417,-21.172646
88925,6844,165.523417,-21.172646
88926,5293,165.523417,-21.172646
88927,4991,165.523417,-21.172646
88928,6858,165.523417,-21.172646
88929,3338,165.523417,-21.172646
88930,5478,164.9238700792,-20.948985815
88931,5298,164.9238700792,-20.948985815
88932,2155,164.9238700792,-20.948985815
88933,6605,164.9238700792,-20.948985815
88934,4991,164.9238700792,-20.948985815
88935,3580,164.9238700792,-20.948985815
88936,5662,164.9238700792,-20.948985815
88937,8772,164.9238700792,-20.948985815
88938,3321,164.9238700792,-20.948985815
88939,5183,164.9238700792,-20.948985815
88940,6675,164.9238700792,-20.948985815
88941,6793,164.9238700792,-20.948985815
88942,1851,164.9238700792,-20.948985815
88943,6816,164.9238700792,-20.948985815
88944,6709,164.9238700792,-20.948985815
88945,9685,165.5585865321,-21.4919389486
88946,5477,165.5585865321,-21.4919389486
88947,4998,165.5585865321,-21.4919389486
88948,5123,165.5585865321,-21.4919389486
88949,7850,165.5585865321,-21.4919389486
88950,7859,165.5585865321,-21.4919389486
88952,9456,165.5585865321,-21.4919389486
88953,2919,165.5585865321,-21.4919389486
88954,7541,165.5585865321,-21.4919389486
88955,9456,165.976438467,-21.473557251
88956,8536,165.976438467,-21.473557251
88957,4473,165.976438467,-21.473557251
88958,9416,165.976438467,-21.473557251
88959,9814,165.976438467,-21.473557251
88960,9699,165.976438467,-21.473557251
88961,2263,165.976438467,-21.473557251
88962,5521,165.976438467,-21.473557251
88963,9416,165.990260895,-21.478747828
88964,7604,165.990260895,-21.478747828
88965,5293,165.990260895,-21.478747828
88966,7577,165.990260895,-21.478747828
88967,6676,165.990260895,-21.478747828
88968,5521,165.990260895,-21.478747828
88969,7811,165.990260895,-21.478747828
88970,9739,165.990260895,-21.478747828
88971,3385,165.990260895,-21.478747828
88972,8570,165.990260895,-21.478747828
88973,7645,165.990260895,-21.478747828
88974,9456,165.990260895,-21.478747828
88975,2263,165.990260895,-21.478747828
88976,6295,165.990260895,-21.478747828
88977,4013,164.9102738779,-21.0373029113
88978,9540,164.9102738779,-21.0373029113
88979,7848,164.9102738779,-21.0373029113
88980,9497,164.9102738779,-21.0373029113
88981,9353,164.9102738779,-21.0373029113
88982,9547,164.9102738779,-21.0373029113
88983,9975,164.9102738779,-21.0373029113
88984,5128,164.9102738779,-21.0373029113
88985,7850,165.2077586018,-21.2607067823
88986,4013,165.2077586018,-21.2607067823
88987,2212,165.2077586018,-21.2607067823
88988,5477,165.2077586018,-21.2607067823
88989,1261,165.2077586018,-21.2607067823
88990,4061,165.2077586018,-21.2607067823
88991,9332,165.2077586018,-21.2607067823
88992,7859,165.2077586018,-21.2607067823
88993,6374,165.2077586018,-21.2607067823
88994,5489,165.2077586018,-21.2607067823
88995,5315,165.2077586018,-21.2607067823
88996,7541,165.2077586018,-21.2607067823
88997,4998,165.2077586018,-21.2607067823
88998,6885,165.2077586018,-21.2607067823
88999,8030,165.2077586018,-21.2607067823
89000,3390,165.2077586018,-21.2607067823
89001,9882,165.2077586018,-21.2607067823
89002,6273,165.2077586018,-21.2607067823
89003,9385,165.2077586018,-21.2607067823
89004,5093,165.2077586018,-21.2607067823
89005,6793,165.2077586018,-21.2607067823
89006,7723,165.2041107975,-21.2694239616
89007,9456,165.2041107975,-21.2694239616
89008,7541,165.2041107975,-21.2694239616
89009,4013,165.2041107975,-21.2694239616
89010,7859,165.2041107975,-21.2694239616
89011,6221,165.2041107975,-21.2694239616
89012,9492,165.2041107975,-21.2694239616
89013,7541,165.2047987422,-21.2754803896
89014,1261,165.2047987422,-21.2754803896
89015,6694,165.2047987422,-21.2754803896
89016,2212,165.2047987422,-21.2754803896
89017,7859,165.2047987422,-21.2754803896
89018,3302,165.2047987422,-21.2754803896
89019,6885,165.2047987422,-21.2754803896
89020,5315,165.2047987422,-21.2754803896
89021,3390,165.2047987422,-21.2754803896
89022,4013,165.2047987422,-21.2754803896
89023,8225,165.2047987422,-21.2754803896
89024,9546,165.239264,-21.357613
89025,7771,165.239264,-21.357613
89026,5293,165.239264,-21.357613
89027,9387,165.239264,-21.357613
89028,5072,165.239264,-21.357613
89029,2588,165.239264,-21.357613
89030,9359,165.239264,-21.357613
89031,6509,165.239264,-21.357613
89032,6155,165.239264,-21.357613
89033,5360,165.239264,-21.357613
89034,9456,165.239264,-21.357613
89035,5922,165.239264,-21.357613
89036,6694,165.239264,-21.357613
89037,8375,165.239264,-21.357613
89038,9573,165.239264,-21.357613
89039,7613,165.239264,-21.357613
89040,9956,165.239264,-21.357613
89041,9775,165.239264,-21.357613
89042,9870,165.239264,-21.357613
89043,9791,165.239264,-21.357613
89044,9749,165.239264,-21.357613
89045,3158,165.240654,-21.357905
89046,8015,165.240654,-21.357905
89047,2212,165.240654,-21.357905
89048,6387,165.240654,-21.357905
89049,9763,165.240654,-21.357905
89050,9546,165.240654,-21.357905
89051,4432,165.240654,-21.357905
89052,9387,165.240654,-21.357905
89053,5298,165.240654,-21.357905
89054,6509,165.240654,-21.357905
89055,7604,165.240654,-21.357905
89056,3572,165.240654,-21.357905
89057,7541,165.1849759184,-21.3396817446
89058,2939,165.1849759184,-21.3396817446
89059,4013,165.1849759184,-21.3396817446
89060,5360,165.1849759184,-21.3396817446
89061,9329,165.1849759184,-21.3396817446
89062,9345,165.1849759184,-21.3396817446
89063,7435,165.197125,-20.875905
89064,7772,165.197125,-20.875905
89065,7936,165.197125,-20.875905
89066,6842,165.197125,-20.875905
89067,3564,165.197125,-20.875905
89068,7541,165.197125,-20.875905
89069,3402,165.197125,-20.875905
89070,6869,165.197125,-20.875905
89071,3556,165.197125,-20.875905
89072,2588,165.197125,-20.875905
89073,3994,165.197125,-20.875905
89074,1808,165.197125,-20.875905
89075,8038,165.197125,-20.875905
89076,5564,165.197125,-20.875905
89077,9886,165.197125,-20.875905
89078,6601,165.197125,-20.875905
89079,7287,165.197125,-20.875905
89080,6858,165.197125,-20.875905
89081,7690,165.197125,-20.875905
89082,9358,165.197125,-20.875905
89083,3321,165.197125,-20.875905
89084,4998,165.197125,-20.875905
89085,8253,165.197125,-20.875905
89086,7685,165.197125,-20.875905
89087,7245,165.197125,-20.875905
89088,7508,165.197125,-20.875905
89089,6995,165.199697,-20.874919
89090,9585,165.199697,-20.874919
89091,9763,165.199697,-20.874919
89092,2852,165.199697,-20.874919
89093,5473,165.199697,-20.874919
89094,4473,165.199697,-20.874919
89095,2588,165.199697,-20.874919
89096,9358,165.199697,-20.874919
89097,5662,165.199697,-20.874919
89098,2263,165.199697,-20.874919
89099,4991,165.199697,-20.874919
89100,3556,165.349013,-20.946956
89101,174,165.349013,-20.946956
89102,3390,165.349013,-20.946956
89103,9385,165.349013,-20.946956
89104,3338,165.349013,-20.946956
89105,5755,165.349013,-20.946956
89106,7249,165.349013,-20.946956
89107,6374,165.349013,-20.946956
89108,9595,165.349013,-20.946956
89109,5964,165.349013,-20.946956
89110,2694,165.349013,-20.946956
89111,5608,165.349013,-20.946956
89112,9488,165.349013,-20.946956
89113,6273,165.349013,-20.946956
89114,2212,165.349013,-20.946956
89115,5477,165.349013,-20.946956
89116,6483,165.349013,-20.946956
89117,5315,165.349013,-20.946956
89118,4032,165.349013,-20.946956
89119,7859,165.349013,-20.946956
89120,7885,165.349013,-20.946956
89121,5564,165.349013,-20.946956
89122,3329,165.349013,-20.946956
89123,9890,165.3527,-20.94486
89124,6694,165.3527,-20.94486
89125,3556,165.3527,-20.94486
89126,7541,165.3527,-20.94486
89127,8261,165.3527,-20.94486
89128,2852,165.3527,-20.94486
89129,6374,165.3527,-20.94486
89130,3402,165.3527,-20.94486
89131,6858,165.3527,-20.94486
89132,9806,165.3527,-20.94486
89133,5564,165.3527,-20.94486
89134,3931,165.3527,-20.94486
89135,9385,165.3527,-20.94486
89136,7885,165.3527,-20.94486
89137,9492,165.3527,-20.94486
89138,5183,165.3527,-20.94486
89139,4998,165.3527,-20.94486
89140,5093,165.3527,-20.94486
89141,7621,165.3527,-20.94486
89142,2694,165.3527,-20.94486
89143,9488,165.3527,-20.94486
89144,7850,165.3527,-20.94486
89145,3338,165.3527,-20.94486
89146,7859,165.3601983469,-21.329677105
89147,6273,165.3601983469,-21.329677105
89148,6885,165.3601983469,-21.329677105
89149,5123,165.3601983469,-21.329677105
89150,6694,165.3601983469,-21.329677105
89151,4998,165.3601983469,-21.329677105
89152,2150,165.3601983469,-21.329677105
89153,2193,165.3601983469,-21.329677105
89154,7541,165.3601983469,-21.329677105
89155,8053,165.3601983469,-21.329677105
89156,9358,165.3601983469,-21.329677105
89157,3564,165.3601983469,-21.329677105
89158,6374,165.3601983469,-21.329677105
89159,4013,165.3601983469,-21.329677105
89160,8783,165.374775,-21.332625
89161,5565,165.374775,-21.332625
89162,8015,165.374775,-21.332625
89163,5093,165.374775,-21.332625
89164,3556,165.374775,-21.332625
89165,6374,165.374775,-21.332625
89166,7599,165.374775,-21.332625
89167,9119,165.374775,-21.332625
89168,6793,165.374775,-21.332625
89169,6728,165.374775,-21.332625
89170,6273,165.374775,-21.332625
89171,5477,165.374775,-21.332625
89172,8253,165.374775,-21.332625
89173,8225,165.374775,-21.332625
89174,7917,165.374775,-21.332625
89175,6608,165.374775,-21.332625
89176,2623,165.374775,-21.332625
89177,5133,165.374775,-21.332625
89178,4998,165.374775,-21.332625
89179,2694,165.374775,-21.332625
89180,9629,165.374775,-21.332625
89181,5489,165.374775,-21.332625
89182,6606,165.374775,-21.332625
89183,6975,165.374775,-21.332625
89184,7541,165.374775,-21.332625
89185,9488,165.095687,-21.352837
89186,3390,165.095687,-21.352837
89187,5128,165.095687,-21.352837
89188,9709,165.095687,-21.352837
89189,9540,165.095687,-21.352837
89190,7541,165.095687,-21.352837
89191,2694,165.095687,-21.352837
89192,9547,165.095687,-21.352837
89204,9723,165.095687,-21.352837
89205,3338,165.095687,-21.352837
89206,7848,165.095687,-21.352837
89207,8375,165.095687,-21.352837
89208,9815,165.095687,-21.352837
89209,7256,165.095687,-21.352837
89210,9566,165.095687,-21.352837
89193,2593,165.056937,-21.353373
89194,9723,165.056937,-21.353373
89195,3390,165.056937,-21.353373
89196,9345,165.056937,-21.353373
89197,9709,165.056937,-21.353373
89198,5975,165.056937,-21.353373
89199,7256,165.056937,-21.353373
89200,7541,165.056937,-21.353373
89201,9734,165.065026,-21.366179
89202,9547,165.065026,-21.366179
89203,9549,165.065026,-21.366179
89211,3447,165.089928,-21.369797
89212,4013,165.089928,-21.369797
89213,2694,165.089928,-21.369797
89214,9734,165.089928,-21.369797
89215,9550,165.089928,-21.369797
89216,5489,165.061506,-21.315749
89217,2268,165.061506,-21.315749
89218,2593,165.061506,-21.315749
89219,9358,165.061506,-21.315749
89220,9445,165.061506,-21.315749
89221,9709,165.061506,-21.315749
89222,2694,165.061506,-21.315749
89223,6728,165.061506,-21.315749
89224,174,165.061506,-21.315749
89225,9550,165.061506,-21.315749
89226,7541,165.061506,-21.315749
89227,2263,165.006885,-21.297049
89228,2268,165.006885,-21.297049
89229,2852,165.006885,-21.297049
89230,3228,165.006885,-21.297049
89231,4473,165.006885,-21.297049
89232,5072,165.006885,-21.297049
89233,8035,165.006885,-21.297049
89234,9709,165.006885,-21.297049
89235,9734,165.006885,-21.297049
89236,2703,165.006885,-21.297049
89237,8375,165.006885,-21.297049
89238,9815,165.006885,-21.297049
89239,6654,165.006885,-21.297049
89240,8015,165.006885,-21.297049
89241,9547,165.006885,-21.297049
89242,9549,165.006885,-21.297049
89243,6676,165.006885,-21.297049
89244,7613,165.006885,-21.297049
89245,2268,165.01393,-21.301951
89246,2422,165.01393,-21.301951
89247,2593,165.01393,-21.301951
89248,3228,165.01393,-21.301951
89249,9358,165.01393,-21.301951
89250,9488,165.01393,-21.301951
89251,3338,165.01393,-21.301951
89252,3390,165.01393,-21.301951
89253,9345,165.01393,-21.301951
89254,9500,165.01393,-21.301951
89255,4013,165.01393,-21.301951
89256,9445,165.01393,-21.301951
89257,4032,165.01393,-21.301951
89258,7848,165.01393,-21.301951
89259,8035,165.01393,-21.301951
89260,9523,165.01393,-21.301951
89261,9709,165.01393,-21.301951
89262,2694,165.01393,-21.301951
89263,9734,165.01393,-21.301951
89264,9539,165.01393,-21.301951
89265,9540,165.01393,-21.301951
89266,7309,165.01393,-21.301951
89267,9736,165.01393,-21.301951
89268,9547,165.01393,-21.301951
89269,9549,165.01393,-21.301951
89270,9550,165.01393,-21.301951
89271,9455,164.942395,-21.286071
89272,9456,164.942395,-21.286071
89273,2268,164.942395,-21.286071
89274,2593,164.942395,-21.286071
89275,9723,164.942395,-21.286071
89276,3228,164.942395,-21.286071
89277,9358,164.942395,-21.286071
89278,4386,164.942395,-21.286071
89279,9488,164.942395,-21.286071
89280,3338,164.942395,-21.286071
89281,9497,164.942395,-21.286071
89282,4013,164.942395,-21.286071
89283,9445,164.942395,-21.286071
89284,7848,164.942395,-21.286071
89285,5072,164.942395,-21.286071
89286,9523,164.942395,-21.286071
89287,9709,164.942395,-21.286071
89288,6964,164.942395,-21.286071
89289,5773,164.942395,-21.286071
89290,9870,164.942395,-21.286071
89291,9540,164.942395,-21.286071
89292,9777,164.942395,-21.286071
89293,7309,164.942395,-21.286071
89294,9547,164.942395,-21.286071
89295,6676,164.942395,-21.286071
89296,9550,164.942395,-21.286071
89297,9898,164.942395,-21.286071
89298,5489,164.446196,-20.287297
89299,9457,164.446196,-20.287297
89300,2422,164.446196,-20.287297
89301,3031,164.446196,-20.287297
89302,1880,164.446196,-20.287297
89303,3158,164.446196,-20.287297
89304,9488,164.446196,-20.287297
89305,3338,164.446196,-20.287297
89306,3390,164.446196,-20.287297
89307,3556,164.446196,-20.287297
89308,9497,164.446196,-20.287297
89309,9971,164.446196,-20.287297
89310,4013,164.446196,-20.287297
89311,9452,164.446196,-20.287297
89312,7859,164.446196,-20.287297
89313,4998,164.446196,-20.287297
89314,9709,164.446196,-20.287297
89315,5477,164.446196,-20.287297
89316,6728,164.446196,-20.287297
89317,8015,164.446196,-20.287297
89318,7309,164.446196,-20.287297
89319,174,164.446196,-20.287297
89320,7541,164.446196,-20.287297
89321,9623,164.446196,-20.287297
89322,9456,164.455761,-20.285779
89323,5489,164.455761,-20.285779
89324,9457,164.455761,-20.285779
89325,3031,164.455761,-20.285779
89326,1384,164.455761,-20.285779
89327,9488,164.455761,-20.285779
89328,2705,164.455761,-20.285779
89329,3338,164.455761,-20.285779
89330,4473,164.455761,-20.285779
89331,3390,164.455761,-20.285779
89332,9497,164.455761,-20.285779
89333,1970,164.455761,-20.285779
89334,4013,164.455761,-20.285779
89335,8261,164.455761,-20.285779
89336,7859,164.455761,-20.285779
89337,8035,164.455761,-20.285779
89338,4998,164.455761,-20.285779
89339,5450,164.455761,-20.285779
89340,9709,164.455761,-20.285779
89341,2694,164.455761,-20.285779
89342,7183,164.455761,-20.285779
89343,6622,164.455761,-20.285779
89344,6623,164.455761,-20.285779
89345,9872,164.455761,-20.285779
89346,3426,164.455761,-20.285779
89347,5949,164.455761,-20.285779
89348,1467,164.455761,-20.285779
89349,9540,164.455761,-20.285779
89350,9542,164.455761,-20.285779
89351,7309,164.455761,-20.285779
89352,174,164.455761,-20.285779
89353,9547,164.455761,-20.285779
89354,7541,164.455761,-20.285779
89355,392,164.455761,-20.285779
89356,9455,166.011448,-21.97927
89357,6221,166.011448,-21.97927
89358,9458,166.011448,-21.97927
89359,1733,166.011448,-21.97927
89360,9723,166.011448,-21.97927
89361,3228,166.011448,-21.97927
89362,4473,166.011448,-21.97927
89363,9497,166.011448,-21.97927
89364,9447,166.011448,-21.97927
89365,9348,166.011448,-21.97927
89366,7848,166.011448,-21.97927
89367,8035,166.011448,-21.97927
89368,1180,166.011448,-21.97927
89369,9519,166.011448,-21.97927
89370,9523,166.011448,-21.97927
89371,9527,166.011448,-21.97927
89372,9588,166.011448,-21.97927
89373,8375,166.011448,-21.97927
89374,9885,166.011448,-21.97927
89375,9782,166.011448,-21.97927
89376,9547,166.011448,-21.97927
89377,9549,166.011448,-21.97927
89378,7541,166.011448,-21.97927
89379,9456,165.077224,-21.321421
89380,5489,165.077224,-21.321421
89381,9704,165.077224,-21.321421
89382,2212,165.077224,-21.321421
89383,2268,165.077224,-21.321421
89384,2932,165.077224,-21.321421
89385,3158,165.077224,-21.321421
89386,9344,165.077224,-21.321421
89387,9488,165.077224,-21.321421
89388,3338,165.077224,-21.321421
89389,4473,165.077224,-21.321421
89390,3390,165.077224,-21.321421
89391,9497,165.077224,-21.321421
89392,4013,165.077224,-21.321421
89393,9445,165.077224,-21.321421
89394,4032,165.077224,-21.321421
89395,7848,165.077224,-21.321421
89396,4998,165.077224,-21.321421
89397,9523,165.077224,-21.321421
89398,5325,165.077224,-21.321421
89399,9709,165.077224,-21.321421
89400,5469,165.077224,-21.321421
89401,6622,165.077224,-21.321421
89402,9576,165.077224,-21.321421
89403,9540,165.077224,-21.321421
89404,9718,165.077224,-21.321421
89405,7256,165.077224,-21.321421
89406,7271,165.077224,-21.321421
89407,7309,165.077224,-21.321421
89408,174,165.077224,-21.321421
89409,9547,165.077224,-21.321421
89410,9549,165.077224,-21.321421
89411,6676,165.077224,-21.321421
89412,7496,165.077224,-21.321421
89413,5983,165.077224,-21.321421
89414,8533,165.077224,-21.321421
89415,6694,165.077224,-21.321421
89416,5489,165.077224,-21.321421
89417,9458,165.077224,-21.321421
89418,2268,165.077224,-21.321421
89419,2403,165.077224,-21.321421
89420,1733,165.077224,-21.321421
89421,9723,165.077224,-21.321421
89422,9488,165.077224,-21.321421
89423,3338,165.077224,-21.321421
89424,3390,165.077224,-21.321421
89425,9494,165.077224,-21.321421
89426,9497,165.077224,-21.321421
89427,3572,165.077224,-21.321421
89428,4013,165.077224,-21.321421
89429,9348,165.077224,-21.321421
89430,7848,165.077224,-21.321421
89431,7859,165.077224,-21.321421
89432,5072,165.077224,-21.321421
89433,8035,165.077224,-21.321421
89434,9523,165.077224,-21.321421
89435,5450,165.077224,-21.321421
89436,2694,165.077224,-21.321421
89437,9531,165.077224,-21.321421
89438,6622,165.077224,-21.321421
89439,9872,165.077224,-21.321421
89440,5949,165.077224,-21.321421
89441,9576,165.077224,-21.321421
89442,9712,165.077224,-21.321421
89443,9542,165.077224,-21.321421
89444,6654,165.077224,-21.321421
89445,8015,165.077224,-21.321421
89446,174,165.077224,-21.321421
89447,9547,165.077224,-21.321421
89448,1851,165.077224,-21.321421
89449,9550,165.077224,-21.321421
89450,9898,165.077224,-21.321421
89451,9883,165.077224,-21.321421
89452,7496,165.077224,-21.321421
89453,7541,165.077224,-21.321421
89454,9699,165.077224,-21.321421
89455,9574,165.077224,-21.321421
89456,9582,165.077224,-21.321421
89457,9456,164.949635379,-21.2943685055
89458,9458,164.949635379,-21.2943685055
89459,3228,164.949635379,-21.2943685055
89460,4013,164.949635379,-21.2943685055
89461,9445,164.949635379,-21.2943685055
89462,9348,164.949635379,-21.2943685055
89463,7848,164.949635379,-21.2943685055
89464,5072,164.949635379,-21.2943685055
89465,9523,164.949635379,-21.2943685055
89466,9709,164.949635379,-21.2943685055
89467,9734,164.949635379,-21.2943685055
89468,9540,164.949635379,-21.2943685055
89469,9569,164.949635379,-21.2943685055
89470,9777,164.949635379,-21.2943685055
89471,7309,164.949635379,-21.2943685055
89472,9549,164.949635379,-21.2943685055
89473,9898,164.949635379,-21.2943685055
89474,7496,164.949635379,-21.2943685055
89475,9458,164.961621,-21.344843
89476,2268,164.961621,-21.344843
89477,9723,164.961621,-21.344843
89478,9344,164.961621,-21.344843
89479,4013,164.961621,-21.344843
89480,9348,164.961621,-21.344843
89481,7848,164.961621,-21.344843
89482,9523,164.961621,-21.344843
89483,9709,164.961621,-21.344843
89484,9734,164.961621,-21.344843
89485,5949,164.961621,-21.344843
89486,9540,164.961621,-21.344843
89487,9712,164.961621,-21.344843
89488,9777,164.961621,-21.344843
89489,7309,164.961621,-21.344843
89490,174,164.961621,-21.344843
89491,9549,164.961621,-21.344843
89492,9898,164.961621,-21.344843
89493,9445,164.949052,-21.305089
89494,9348,164.949052,-21.305089
89495,9527,164.949052,-21.305089
89496,9734,164.949052,-21.305089
89497,9540,164.949052,-21.305089
89498,9569,164.949052,-21.305089
89499,9777,164.949052,-21.305089
89500,7309,164.949052,-21.305089
89501,9549,164.949052,-21.305089
89502,9458,164.960816,-21.313166
89503,2268,164.960816,-21.313166
89504,9723,164.960816,-21.313166
89505,9344,164.960816,-21.313166
89506,4013,164.960816,-21.313166
89507,9348,164.960816,-21.313166
89508,7848,164.960816,-21.313166
89509,9523,164.960816,-21.313166
89510,9709,164.960816,-21.313166
89511,9734,164.960816,-21.313166
89512,5949,164.960816,-21.313166
89513,9540,164.960816,-21.313166
89514,9777,164.960816,-21.313166
89515,7309,164.960816,-21.313166
89516,174,164.960816,-21.313166
89517,9549,164.960816,-21.313166
89518,9898,164.960816,-21.313166
89519,9456,164.949842,-21.32835
89520,1733,164.949842,-21.32835
89521,9358,164.949842,-21.32835
89522,9353,164.949842,-21.32835
89523,4013,164.949842,-21.32835
89524,9348,164.949842,-21.32835
89525,7848,164.949842,-21.32835
89526,5128,164.949842,-21.32835
89527,9523,164.949842,-21.32835
89528,9734,164.949842,-21.32835
89529,9537,164.949842,-21.32835
89530,9540,164.949842,-21.32835
89531,9777,164.949842,-21.32835
89532,7309,164.949842,-21.32835
89533,7496,164.949842,-21.32835
89534,9574,164.949842,-21.32835
89535,9555,164.944286,-21.325824
89536,9456,164.973158,-21.3197
89537,6155,164.973158,-21.3197
89538,5489,164.973158,-21.3197
89539,9458,164.973158,-21.3197
89540,2263,164.973158,-21.3197
89541,2268,164.973158,-21.3197
89542,2593,164.973158,-21.3197
89543,9723,164.973158,-21.3197
89544,2852,164.973158,-21.3197
89545,3228,164.973158,-21.3197
89546,9821,164.973158,-21.3197
89547,9358,164.973158,-21.3197
89548,4386,164.973158,-21.3197
89549,9488,164.973158,-21.3197
89550,4473,164.973158,-21.3197
89551,3390,164.973158,-21.3197
89552,9497,164.973158,-21.3197
89553,9345,164.973158,-21.3197
89554,4013,164.973158,-21.3197
89555,9446,164.973158,-21.3197
89556,9447,164.973158,-21.3197
89557,9348,164.973158,-21.3197
89558,7859,164.973158,-21.3197
89559,5072,164.973158,-21.3197
89560,8035,164.973158,-21.3197
89561,9519,164.973158,-21.3197
89562,9523,164.973158,-21.3197
89563,9709,164.973158,-21.3197
89564,9527,164.973158,-21.3197
89565,9734,164.973158,-21.3197
89566,9531,164.973158,-21.3197
89567,6622,164.973158,-21.3197
89568,3663,164.973158,-21.3197
89569,9536,164.973158,-21.3197
89570,9537,164.973158,-21.3197
89571,5949,164.973158,-21.3197
89572,9540,164.973158,-21.3197
89573,9712,164.973158,-21.3197
89574,6654,164.973158,-21.3197
89575,9777,164.973158,-21.3197
89576,9782,164.973158,-21.3197
89577,7309,164.973158,-21.3197
89578,9547,164.973158,-21.3197
89579,9549,164.973158,-21.3197
89580,6676,164.973158,-21.3197
89581,7496,164.973158,-21.3197
89582,9699,164.973158,-21.3197
89583,9574,164.973158,-21.3197
89584,9582,164.973158,-21.3197
89585,9456,166.460018,-22.259073
89586,5489,166.460018,-22.259073
89588,9457,166.460018,-22.259073
89589,2593,166.460018,-22.259073
89590,9723,166.460018,-22.259073
89591,9358,166.460018,-22.259073
89592,4386,166.460018,-22.259073
89593,9488,166.460018,-22.259073
89594,9497,166.460018,-22.259073
89595,4013,166.460018,-22.259073
89596,9348,166.460018,-22.259073
89597,7848,166.460018,-22.259073
89598,8035,166.460018,-22.259073
89599,9964,166.460018,-22.259073
89600,9523,166.460018,-22.259073
89601,9709,166.460018,-22.259073
89602,2694,166.460018,-22.259073
89603,9525,166.460018,-22.259073
89604,5773,166.460018,-22.259073
89605,6623,166.460018,-22.259073
89606,6728,166.460018,-22.259073
89607,2377,166.460018,-22.259073
89608,9542,166.460018,-22.259073
89609,9670,166.460018,-22.259073
89610,9777,166.460018,-22.259073
89611,7309,166.460018,-22.259073
89612,9547,166.460018,-22.259073
89613,9549,166.460018,-22.259073
89614,9550,166.460018,-22.259073
89615,9898,166.460018,-22.259073
89616,7496,166.460018,-22.259073
89617,5983,166.460018,-22.259073
89618,7541,166.460018,-22.259073
89619,7577,166.460018,-22.259073
89620,9527,165.459069,-21.658835
89621,9455,165.459069,-21.658835
89622,9488,165.459069,-21.658835
89623,9540,165.459069,-21.658835
89624,9777,165.459069,-21.658835
89625,4386,165.459069,-21.658835
89626,9519,165.459069,-21.658835
89627,9525,165.459069,-21.658835
89628,6728,165.73255787,-21.37850015
89629,2694,165.73255787,-21.37850015
89630,4369,165.73255787,-21.37850015
89631,5093,165.73255787,-21.37850015
89632,6273,165.73255787,-21.37850015
89633,1261,165.73255787,-21.37850015
89634,6267,165.73255787,-21.37850015
89635,8015,165.73255787,-21.37850015
89636,6595,165.73255787,-21.37850015
89637,9764,165.73255787,-21.37850015
89638,5360,165.73255787,-21.37850015
89639,9526,165.73255787,-21.37850015
89640,7850,165.73255787,-21.37850015
89641,9456,164.96389,-21.26204
89642,5489,164.96389,-21.26204
89643,2263,164.96389,-21.26204
89644,9723,164.96389,-21.26204
89645,2852,164.96389,-21.26204
89646,2924,164.96389,-21.26204
89647,9344,164.96389,-21.26204
89648,3228,164.96389,-21.26204
89649,9358,164.96389,-21.26204
89650,9488,164.96389,-21.26204
89651,3338,164.96389,-21.26204
89652,4473,164.96389,-21.26204
89653,3390,164.96389,-21.26204
89654,9497,164.96389,-21.26204
89655,9500,164.96389,-21.26204
89656,4032,164.96389,-21.26204
89657,9348,164.96389,-21.26204
89658,8035,164.96389,-21.26204
89659,9544,164.96389,-21.26204
89660,9709,164.96389,-21.26204
89661,5662,164.96389,-21.26204
89662,5719,164.96389,-21.26204
89663,8375,164.96389,-21.26204
89664,5772,164.96389,-21.26204
89665,6623,164.96389,-21.26204
89666,9870,164.96389,-21.26204
89667,6509,164.96389,-21.26204
89668,5949,164.96389,-21.26204
89669,2377,164.96389,-21.26204
89670,9540,164.96389,-21.26204
89671,7309,164.96389,-21.26204
89672,9549,164.96389,-21.26204
89673,6676,164.96389,-21.26204
89674,9550,164.96389,-21.26204
89675,9413,164.96389,-21.26204
89676,9699,164.96389,-21.26204
89677,7613,164.96389,-21.26204
89678,9572,164.96389,-21.26204
89679,9574,164.96389,-21.26204
89680,2939,164.73033797,-20.9264230728
89681,174,164.73033797,-20.9264230728
89682,4013,164.73033797,-20.9264230728
89683,7850,165.198337,-21.313101
89684,7541,165.198337,-21.313101
89685,2939,165.198337,-21.313101
89686,9488,165.198337,-21.313101
89687,5128,165.198337,-21.313101
89688,7859,165.198337,-21.313101
89689,7848,165.198337,-21.313101
89690,9712,165.198337,-21.313101
89691,4998,165.198337,-21.313101
89692,2212,165.198337,-21.313101
89693,7541,164.7255529091,-20.930467844
89694,9528,164.7255529091,-20.930467844
89695,174,164.7255529091,-20.930467844
89696,4013,164.7255529091,-20.930467844
89697,9737,167.9606968478,-21.4583703219
89698,1484,167.9606968478,-21.4583703219
89699,4013,167.9606968478,-21.4583703219
89700,9457,167.9606968478,-21.4583703219
89701,6885,167.9606968478,-21.4583703219
89702,9452,167.9606968478,-21.4583703219
89703,4998,167.9606968478,-21.4583703219
89704,5489,167.9606968478,-21.4583703219
89705,3329,167.9606968478,-21.4583703219
89706,4726,167.9606968478,-21.4583703219
89707,9978,167.9606968478,-21.4583703219
89708,9576,167.9606968478,-21.4583703219
89722,6709,167.9606968478,-21.4583703219
89709,5489,167.8716356696,-21.4910334866
89710,9457,167.8716356696,-21.4910334866
89711,4726,167.8716356696,-21.4910334866
89712,4032,167.8716356696,-21.4910334866
89713,4013,167.8716356696,-21.4910334866
89714,5128,167.8716356696,-21.4910334866
89715,3530,167.8716356696,-21.4910334866
89716,9978,167.8716356696,-21.4910334866
89717,6885,167.8716356696,-21.4910334866
89718,9655,167.8716356696,-21.4910334866
89719,1484,167.8716356696,-21.4910334866
89720,7645,167.8716356696,-21.4910334866
89721,6709,167.8716356696,-21.4910334866
89723,9358,165.3266475163,-21.3935726881
89724,7295,165.3266475163,-21.3935726881
89725,7859,165.3266475163,-21.3935726881
89726,374,165.3266475163,-21.3935726881
89727,8596,165.3266475163,-21.3935726881
89728,5360,165.3266475163,-21.3935726881
89729,174,165.3266475163,-21.3935726881
89730,7658,165.3266475163,-21.3935726881
89731,9358,165.327735655,-21.3931381702
89732,174,165.327735655,-21.3931381702
89733,3035,165.327735655,-21.3931381702
89734,7848,165.327735655,-21.3931381702
89735,4998,165.327735655,-21.3931381702
89736,9358,165.1557953283,-21.2009847164
89737,5477,165.1557953283,-21.2009847164
89738,1966,165.1557953283,-21.2009847164
89739,6267,165.1557953283,-21.2009847164
89740,7850,165.1557953283,-21.2009847164
89751,6273,165.1557953283,-21.2009847164
89752,7599,165.1557953283,-21.2009847164
89753,5489,165.1557953283,-21.2009847164
89806,5837,165.1557953283,-21.2009847164
89741,5477,165.1455827337,-21.192779839
89742,9668,165.1455827337,-21.192779839
89743,8253,165.1455827337,-21.192779839
89748,6273,165.1455827337,-21.192779839
89749,7599,165.1455827337,-21.192779839
89805,5837,165.1455827337,-21.192779839
89744,5608,165.1475970726,-21.1926349998
89745,5477,165.1475970726,-21.1926349998
89746,9358,165.1475970726,-21.1926349998
89747,4998,165.1475970726,-21.1926349998
89750,6273,165.1475970726,-21.1926349998
89804,5837,165.1475970726,-21.1926349998
89754,9595,164.4237815123,-20.3165155649
89755,7859,164.4237815123,-20.3165155649
89756,9971,164.4237815123,-20.3165155649
89757,6374,164.4237815123,-20.3165155649
89758,9385,164.4237815123,-20.3165155649
89759,4792,164.4237815123,-20.3165155649
89760,9629,164.4237815123,-20.3165155649
89761,4432,164.4237815123,-20.3165155649
89762,3390,164.4237815123,-20.3165155649
89763,7850,164.4237815123,-20.3165155649
89764,9458,164.4237815123,-20.3165155649
89765,6728,164.4237815123,-20.3165155649
89766,391,164.4237815123,-20.3165155649
89767,2694,164.4237815123,-20.3165155649
89768,1261,164.4237815123,-20.3165155649
89769,174,164.4237815123,-20.3165155649
89770,6601,164.4237815123,-20.3165155649
89771,6273,164.4435681682,-20.3069239855
89772,9971,164.4435681682,-20.3069239855
89773,4056,164.4435681682,-20.3069239855
89774,6976,164.4435681682,-20.3069239855
89775,8277,164.4435681682,-20.3069239855
89776,5489,164.4435681682,-20.3069239855
89777,6041,164.4435681682,-20.3069239855
89778,8928,164.4435681682,-20.3069239855
89779,4369,164.4435681682,-20.3069239855
89780,3387,164.4435681682,-20.3069239855
89781,9770,164.4435681682,-20.3069239855
89782,7635,164.4435681682,-20.3069239855
89783,6842,164.4435681682,-20.3069239855
89784,2416,164.4435681682,-20.3069239855
89785,1936,164.4435681682,-20.3069239855
89786,8247,164.4435681682,-20.3069239855
89787,6595,164.4435681682,-20.3069239855
89788,7646,164.4435681682,-20.3069239855
89789,7925,164.4435681682,-20.3069239855
89790,9973,164.4435681682,-20.3069239855
89791,9532,164.4435681682,-20.3069239855
89792,5183,164.4435681682,-20.3069239855
89793,6796,164.4435681682,-20.3069239855
89794,2150,165.157167,-21.2150667
89795,7467,165.157167,-21.2150667
89796,7599,165.157167,-21.2150667
89797,1261,165.9444576502,-21.6440534592
89798,7541,165.9444576502,-21.6440534592
89799,1966,165.9444576502,-21.6440534592
89800,7859,165.9444576502,-21.6440534592
89801,9488,165.9444576502,-21.6440534592
89802,7850,165.9444576502,-21.6440534592
89803,2212,165.9444576502,-21.6440534592
89807,8051,165.2184874378,-20.8171015978
89808,5093,165.2184874378,-20.8171015978
89809,8474,165.2184874378,-20.8171015978
89810,9696,165.2184874378,-20.8171015978
89811,5393,165.2184874378,-20.8171015978
89812,6273,165.2184874378,-20.8171015978
89813,5608,165.2184874378,-20.8171015978
89814,3402,165.2184874378,-20.8171015978
89815,6237,165.2184874378,-20.8171015978
89816,5964,165.2184874378,-20.8171015978
89817,3338,165.2184874378,-20.8171015978
89818,9509,165.2184874378,-20.8171015978
89819,6606,165.2184874378,-20.8171015978
89820,8075,165.2184874378,-20.8171015978
89821,3556,165.2184874378,-20.8171015978
89822,2150,165.2184874378,-20.8171015978
89823,6374,165.2184874378,-20.8171015978
89824,8103,165.2184874378,-20.8171015978
89825,2416,165.2184874378,-20.8171015978
89826,5562,165.2184874378,-20.8171015978
89827,5133,165.2184874378,-20.8171015978
89828,9601,165.2184874378,-20.8171015978
89829,8231,165.2184874378,-20.8171015978
89830,7287,165.2184874378,-20.8171015978
89831,4998,165.2184874378,-20.8171015978
89832,5813,165.2184874378,-20.8171015978
89833,7645,165.2184874378,-20.8171015978
89834,7218,165.2184874378,-20.8171015978
89835,6601,165.2184874378,-20.8171015978
89836,7772,165.2184874378,-20.8171015978
89837,8261,165.2481356543,-20.8181610703
89838,9500,165.2481356543,-20.8181610703
89839,2422,165.2481356543,-20.8181610703
89840,7271,165.2481356543,-20.8181610703
89841,8750,165.2481356543,-20.8181610703
89842,3036,165.2481356543,-20.8181610703
89843,9492,165.2481356543,-20.8181610703
89844,9595,165.2481356543,-20.8181610703
89845,5964,165.2481356543,-20.8181610703
89850,9681,165.1576549374,-21.2145513296
89851,6273,165.1576549374,-21.2145513296
89852,9681,165.1122665964,-21.170681119
89853,4489,166.55121,-22.09739
89854,8253,166.55121,-22.09739
89855,7308,166.55121,-22.09739
89856,2263,166.55121,-22.09739
89857,8015,166.55121,-22.09739
89858,8010,166.55121,-22.09739
89859,6873,166.55121,-22.09739
89860,7811,166.55121,-22.09739
89861,307,166.55121,-22.09739
89862,1868,166.55121,-22.09739
89863,338,166.55121,-22.09739
89864,8336,166.55121,-22.09739
89865,8604,166.55121,-22.09739
89866,1855,166.55121,-22.09739
89867,5239,166.55121,-22.09739
89868,3158,166.55121,-22.09739
89869,2770,166.55121,-22.09739
89870,2716,166.55121,-22.09739
89871,8913,166.55121,-22.09739
89872,6794,166.55121,-22.09739
89873,3349,166.55121,-22.09739
89874,1384,166.55121,-22.09739
89875,8566,166.55121,-22.09739
89876,2620,166.55629,-22.08811
89877,8896,166.55629,-22.08811
89878,8592,166.55629,-22.08811
89879,6859,166.55629,-22.08811
89880,7210,166.55629,-22.08811
89881,9548,166.55629,-22.08811
89882,7758,166.55629,-22.08811
89883,9435,166.55629,-22.08811
89884,2155,166.55629,-22.08811
89885,2156,166.55629,-22.08811
89886,338,166.55629,-22.08811
89887,1998,166.55629,-22.08811
89888,1988,166.55629,-22.08811
89889,121,166.55629,-22.08811
89890,6659,166.55629,-22.08811
89891,4991,166.55629,-22.08811
89892,4061,166.55629,-22.08811
89893,7016,166.55629,-22.08811
89894,8955,166.55629,-22.08811
89895,2970,166.55629,-22.08811
89896,8011,166.493376,-22.210077
89897,7541,166.493376,-22.210077
89898,9576,166.493376,-22.210077
89899,5489,166.493376,-22.210077
89900,7848,166.493376,-22.210077
89901,9964,166.493376,-22.210077
89902,4233,166.493376,-22.210077
89903,4236,166.493376,-22.210077
89904,3413,166.493376,-22.210077
89905,7750,166.493376,-22.210077
89906,6273,165.773882,-21.602725
89907,9358,165.773882,-21.602725
89908,5093,165.773882,-21.602725
89909,6816,165.773882,-21.602725
89910,4061,165.773882,-21.602725
89911,6792,165.773882,-21.602725
89912,3310,165.773882,-21.602725
89913,121,165.773882,-21.602725
89914,9600,165.773882,-21.602725
89915,5476,165.773882,-21.602725
89916,2045,165.773882,-21.602725
89917,6793,165.773882,-21.602725
89918,3035,165.773882,-21.602725
89919,7219,165.773882,-21.602725
89920,9669,165.773882,-21.602725
89921,7482,165.773882,-21.602725
89922,8782,165.773882,-21.602725
89923,5961,165.806308,-21.665704
89924,9358,165.806308,-21.665704
89925,9456,165.806308,-21.665704
89926,5489,165.806308,-21.665704
89927,9700,165.806308,-21.665704
89928,9589,165.806308,-21.665704
89929,9456,164.958484,-21.174648
89930,9709,164.958484,-21.174648
89931,7711,164.958484,-21.174648
89932,9488,164.958484,-21.174648
89933,9344,164.958484,-21.174648
89934,7613,164.958484,-21.174648
89935,1733,164.958484,-21.174648
89936,9978,164.958484,-21.174648
89937,9358,164.958484,-21.174648
89938,2013,164.958484,-21.174648
89939,9345,164.958484,-21.174648
89940,9430,164.958484,-21.174648
89941,9488,164.981767,-21.136815
89942,9545,164.981767,-21.136815
89943,9550,164.981767,-21.136815
89944,7850,164.981767,-21.136815
89945,2212,164.981767,-21.136815
89946,7711,164.981767,-21.136815
89947,4998,164.981767,-21.136815
89948,9775,164.981767,-21.136815
89949,2694,164.981767,-21.136815
89950,9712,164.981767,-21.136815
89951,2212,165.004123,-21.081768
89952,8375,165.004123,-21.081768
89953,3390,165.004123,-21.081768
89954,7848,165.004123,-21.081768
89955,9523,165.004123,-21.081768
89956,8030,165.004123,-21.081768
89957,4032,165.004123,-21.081768
89958,4013,165.004123,-21.081768
89959,7541,165.004123,-21.081768
89960,3976,165.004123,-21.081768
89961,6694,165.004123,-21.081768
89962,6221,165.004123,-21.081768
89963,5128,165.004123,-21.081768
89964,2932,165.004123,-21.081768
89965,1429,165.004123,-21.081768
89966,9333,165.004123,-21.081768
89967,174,165.004123,-21.081768
89968,5360,165.004123,-21.081768
89969,5975,165.004123,-21.081768
89970,9330,165.004123,-21.081768
89971,6622,165.004123,-21.081768
89972,4998,165.5259436928,-21.2947332859
89973,5124,165.5259436928,-21.2947332859
89974,5167,165.5259436928,-21.2947332859
89975,3158,165.5259436928,-21.2947332859
89976,6869,165.5259436928,-21.2947332859
89977,3982,165.5259436928,-21.2947332859
89978,8783,165.5259436928,-21.2947332859
89979,7772,165.5259436928,-21.2947332859
89980,9601,165.5259436928,-21.2947332859
89981,3338,165.5259436928,-21.2947332859
89982,2694,165.5259436928,-21.2947332859
89983,3419,165.5259436928,-21.2947332859
89984,8075,165.5259436928,-21.2947332859
89985,5565,165.5259436928,-21.2947332859
89986,5564,165.5259436928,-21.2947332859
89987,6374,165.5259436928,-21.2947332859
89988,5325,165.5259436928,-21.2947332859
89989,6858,165.5259436928,-21.2947332859
89990,7287,165.5259436928,-21.2947332859
89991,6158,165.5259436928,-21.2947332859
89992,6814,165.5259436928,-21.2947332859
89993,4058,165.5259436928,-21.2947332859
89994,7577,165.5259436928,-21.2947332859
89995,9421,165.5259436928,-21.2947332859
89996,7897,165.5259436928,-21.2947332859
89997,2380,165.5259436928,-21.2947332859
89998,5964,165.5259436928,-21.2947332859
89999,5608,165.5259436928,-21.2947332859
90000,9595,165.5259436928,-21.2947332859
90001,6273,165.5259436928,-21.2947332859
90002,5476,165.5259436928,-21.2947332859
90003,2476,165.5259436928,-21.2947332859
90004,3402,165.5259436928,-21.2947332859
90005,8051,165.5259436928,-21.2947332859
90006,8225,165.5259436928,-21.2947332859
90007,7885,165.5259436928,-21.2947332859
90008,7845,165.5259436928,-21.2947332859
90009,7427,165.5259436928,-21.2947332859
90010,7936,165.5259436928,-21.2947332859
90011,7508,165.5259436928,-21.2947332859
90012,7917,165.5259436928,-21.2947332859
90013,3390,165.5259436928,-21.2947332859
90014,3302,165.5259436928,-21.2947332859
90015,2212,165.5259436928,-21.2947332859
90016,6041,165.5259436928,-21.2947332859
90017,6273,165.010641,-20.852822
90018,6158,165.010641,-20.852822
90019,9629,165.010641,-20.852822
90020,7287,165.010641,-20.852822
90021,6814,165.010641,-20.852822
90022,9384,165.010641,-20.852822
90023,5502,165.010641,-20.852822
90024,1940,165.010641,-20.852822
90025,6601,165.010641,-20.852822
90026,7180,165.010641,-20.852822
90027,5562,165.010641,-20.852822
90028,7430,165.010641,-20.852822
90029,6869,165.010641,-20.852822
90030,4369,165.010641,-20.852822
90031,5239,165.010641,-20.852822
90032,7245,165.010641,-20.852822
90033,9339,165.010641,-20.852822
90034,2348,165.010641,-20.852822
90035,8851,165.010641,-20.852822
90036,3402,165.010641,-20.852822
90037,5836,165.010641,-20.852822
90038,2694,165.010641,-20.852822
90039,5964,165.010641,-20.852822
90040,5608,165.010641,-20.852822
90041,8292,165.010641,-20.852822
90042,3571,165.010641,-20.852822
90043,8327,165.010641,-20.852822
90044,8844,165.010641,-20.852822
90045,5124,165.010641,-20.852822
90046,9886,165.010641,-20.852822
90047,3556,165.010641,-20.852822
90048,3158,165.010641,-20.852822
90049,5564,165.010641,-20.852822
90050,5565,165.010641,-20.852822
90051,6858,165.010641,-20.852822
90052,7004,165.010641,-20.852822
90053,3580,165.010641,-20.852822
90054,6233,165.010641,-20.852822
90055,6842,165.010641,-20.852822
90056,5857,165.010152217,-20.8510959148
90057,5961,165.010152217,-20.8510959148
90058,4991,165.010152217,-20.8510959148
90059,5257,165.010152217,-20.8510959148
90060,3387,165.010152217,-20.8510959148
90061,7936,165.010152217,-20.8510959148
90062,6794,165.010152217,-20.8510959148
90063,7690,165.010152217,-20.8510959148
90064,9629,165.010152217,-20.8510959148
90065,7577,165.010152217,-20.8510959148
90066,9765,165.010152217,-20.8510959148
90067,5964,165.010152217,-20.8510959148
90068,9443,165.010152217,-20.8510959148
90069,9400,165.010152217,-20.8510959148
90070,9338,165.010152217,-20.8510959148
90071,5315,165.010152217,-20.8510959148
90072,6374,165.010152217,-20.8510959148
90073,9585,165.010152217,-20.8510959148
90074,8375,164.91462,-20.990265
90075,2212,164.91462,-20.990265
90076,4998,164.91462,-20.990265
90077,2932,164.91462,-20.990265
90078,4013,164.91462,-20.990265
90079,1261,164.91462,-20.990265
90080,9984,164.91462,-20.990265
90081,9731,164.91462,-20.990265
90082,7859,164.91462,-20.990265
90083,2377,164.91462,-20.990265
90084,9523,164.91462,-20.990265
90085,9978,164.91462,-20.990265
90086,7541,164.91462,-20.990265
90087,9540,164.91462,-20.990265
90088,5128,164.91462,-20.990265
90089,3390,164.91462,-20.990265
90090,9735,164.91462,-20.990265
90091,6273,164.90855,-20.981432
90092,7859,164.90855,-20.981432
90093,9330,164.90855,-20.981432
90094,6793,164.90855,-20.981432
90095,5608,164.90855,-20.981432
90096,7850,164.90855,-20.981432
90097,5477,164.90855,-20.981432
90098,6728,164.90855,-20.981432
90099,6608,164.90855,-20.981432
90100,5489,164.90855,-20.981432
90101,8069,164.90855,-20.981432
90102,8015,164.3688378017,-20.4381161928
90103,6728,164.3688378017,-20.4381161928
90104,9456,164.3688378017,-20.4381161928
90105,3556,164.3688378017,-20.4381161928
90106,5477,164.3688378017,-20.4381161928
90107,7850,164.3688378017,-20.4381161928
90108,3228,164.3688378017,-20.4381161928
90109,2694,164.3688378017,-20.4381161928
90110,5167,164.3688378017,-20.4381161928
90111,4998,164.3688378017,-20.4381161928
90112,231,164.3688378017,-20.4381161928
90113,5489,164.3688378017,-20.4381161928
90114,8015,164.364932715,-20.4369923472
90115,6728,164.364932715,-20.4369923472
90116,9456,164.364932715,-20.4369923472
90117,3556,164.364932715,-20.4369923472
90118,4998,164.364932715,-20.4369923472
90119,5528,164.364932715,-20.4369923472
90120,7885,164.364932715,-20.4369923472
90121,2149,164.364932715,-20.4369923472
90122,8110,164.364932715,-20.4369923472
90123,7613,164.364932715,-20.4369923472
90124,7711,164.364932715,-20.4369923472
90125,5489,164.364932715,-20.4369923472
90126,6608,164.364932715,-20.4369923472
90127,4013,164.364932715,-20.4369923472
90128,7850,164.364932715,-20.4369923472
90129,5477,164.364932715,-20.4369923472
90130,9629,164.364932715,-20.4369923472
90131,6273,165.4302265495,-21.5794873238
90132,7850,165.4302265495,-21.5794873238
90133,2212,165.4302265495,-21.5794873238
90134,7541,165.4302265495,-21.5794873238
90135,1261,165.4302265495,-21.5794873238
90136,4998,165.4302265495,-21.5794873238
90146,174,165.4302265495,-21.5794873238
90147,1467,165.4302265495,-21.5794873238
90148,3349,165.4302265495,-21.5794873238
90149,1966,165.4302265495,-21.5794873238
90150,374,165.4302265495,-21.5794873238
90151,1528,165.4302265495,-21.5794873238
90137,1261,165.4319376312,-21.578977704
90138,6273,165.4319376312,-21.578977704
90139,8375,165.4319376312,-21.578977704
90140,9351,165.4319376312,-21.578977704
90141,5475,165.4417437874,-21.5821588039
90142,7599,165.4417437874,-21.5821588039
90143,6273,165.4417437874,-21.5821588039
90144,4013,165.4417437874,-21.5821588039
90145,174,165.4417437874,-21.5821588039
90152,1261,165.9791298956,-21.678686142
90153,6273,165.9791298956,-21.678686142
90154,7850,165.9791298956,-21.678686142
90155,3349,165.9791298956,-21.678686142
90156,3390,165.9791298956,-21.678686142
90157,1467,165.9791298956,-21.678686142
90158,7541,165.9791298956,-21.678686142
90159,5475,165.9791298956,-21.678686142
90160,1966,165.9791298956,-21.678686142
90161,4998,165.9791298956,-21.678686142
90163,6975,165.9791298956,-21.678686142
90164,2772,165.9791298956,-21.678686142
90165,3533,165.9791298956,-21.678686142
90171,5093,165.9791298956,-21.678686142
90172,5837,165.9791298956,-21.678686142
90173,5298,165.9791298956,-21.678686142
90174,1443,165.9791298956,-21.678686142
90175,8069,165.9791298956,-21.678686142
90166,6728,165.9742804617,-21.6758108139
90167,9894,165.9742804617,-21.6758108139
90168,5093,165.9742804617,-21.6758108139
90169,4236,165.9742804617,-21.6758108139
90170,1868,165.9742804617,-21.6758108139
90176,6608,165.9742804617,-21.6758108139
